Symbol,Series,Security Name,Band,Remarks
21STCENMGM,EQ,21ST CENTURY MANAGEMENT SERVICES LIMITED,2,"-"
3IINFOTECH,BE,3I INFOTECH LIMITED,5,"-"
3PLAND,BE,3P LAND HOLDINGS LIMITED,5,"-"
3RDROCK,IT,3RD ROCK MULTIMEDIA LIMITED,5,"-"
63MOONS,EQ,63 MOONS TECHNOLOGIES LIMITED,5,"-"
A2ZINFRA,EQ,A2Z INFRA ENGINEERING LIMITED,5,"-"
AARON,EQ,AARON INDUSTRIES LIMITED,5,"-"
AARVEEDEN,EQ,AARVEE DENIMS & EXPORTS LIMITED,5,"-"
ABINFRA,SM,A B INFRABUILD LIMITED,5,"-"
ACCORD,SM,ACCORD SYNERGY LIMITED,5,"-"
ACEINTEG,SM,ACE INTEGRATED SOLUTIONS LIMITED,5,"-"
ADANIGREEN,BE,ADANI GREEN ENERGY LIMITED,5,"-"
ADANIPOWER,BE,ADANI POWER LIMITED,5,"-"
ADANITRANS,BE,ADANI TRANSMISSION LIMITED,5,"-"
ADL,BE,ARCHIDPLY DECOR LIMITED,5,"-"
ADROITINFO,EQ,ADROIT INFOTECH LIMITED,5,"GSM Stage - I"
AFFLE,BE,AFFLE (INDIA) LIMITED,5,"-"
AGARIND,EQ,AGARWAL INDUSTRIAL CORPORATION LIMITED,5,"-"
AGCNET,BE,AGC NETWORKS LIMITED,5,"-"
AGRITECH,EQ,AGRI-TECH (INDIA) LIMITED,5,"-"
AHLADA,EQ,AHLADA ENGINEERS LIMITED,5,"-"
AILIMITED,SM,ABHISHEK INTEGRATIONS LIMITED,5,"-"
AIRAN,BE,AIRAN LIMITED,5,"-"
AJMERA,BE,AJMERA REALTY & INFRA INDIA LIMITED,5,"-"
AJRINFRA,BE,GAMMON INFRASTRUCTURE PROJECTS LIMITED,5,"-"
AKSHOPTFBR,BE,AKSH OPTIFIBRE LIMITED,5,"-"
ALMONDZ,EQ,ALMONDZ GLOBAL SECURITIES LIMITED,5,"-"
ALPSINDUS,BE,ALPS INDUSTRIES LIMITED,5,"-"
AMBANIORG,SM,AMBANI ORGANICS LIMITED,5,"-"
AMDIND,EQ,AMD INDUSTRIES LIMITED,5,"-"
AMJUMBO,SM,A AND M JUMBO BAGS LIMITED,5,"-"
ANANTRAJ,BE,ANANT RAJ LIMITED,5,"-"
ANDHRACEMT,BE,ANDHRA CEMENTS LIMITED,5,"-"
ANIKINDS,EQ,ANIK INDUSTRIES LIMITED,5,"-"
ANKITMETAL,BE,ANKIT METAL & POWER LIMITED,5,"GSM Stage - II"
ANSALHSG,EQ,ANSAL HOUSING LIMITED,5,"-"
ARCHIDPLY,BE,ARCHIDPLY INDUSTRIES LIMITED,5,"-"
ARCHIES,BE,ARCHIES LIMITED,5,"-"
ARENTERP,EQ,RAJDARSHAN INDUSTRIES LIMITED,5,"-"
ARTEMISMED,EQ,ARTEMIS MEDICARE SERVICES LIMITED,5,"-"
ARTNIRMAN,SM,ART NIRMAN LIMITED,5,"-"
ARVEE,BE,ARVEE LABORATORIES (INDIA) LIMITED,5,"-"
ASAL,BE,AUTOMOTIVE STAMPINGS AND ASSEMBLIES LIMITED,5,"-"
ASHAPURMIN,BE,ASHAPURA MINECHEM LIMITED,5,"-"
ASLIND,SM,ASL INDUSTRIES LIMITED,5,"-"
ATALREAL,SM,ATAL REALTECH LIMITED,5,"-"
ATGL,BE,ADANI TOTAL GAS LIMITED,5,"-"
ATLANTA,BE,ATLANTA  LIMITED,5,"-"
AURDIS,SM,AURANGABAD DISTILLERY LIMITED,5,"-"
AURIONPRO,BE,AURIONPRO SOLUTIONS LIMITED,5,"-"
AUSOMENT,BE,AUSOM ENTERPRISE LIMITED,5,"-"
AUTOIND,EQ,AUTOLINE INDUSTRIES LIMITED,5,"-"
AVG,SM,AVG LOGISTICS LIMITED,5,"-"
AVROIND,SM,AVRO INDIA LIMITED,5,"-"
AVSL,SM,AVSL INDUSTRIES LIMITED,5,"-"
AXISCADES,EQ,AXISCADES TECHNOLOGIES LIMITED,5,"-"
BAFNAPH,EQ,BAFNA PHARMACEUTICALS LIMITED,5,"-"
BAJAJHIND,BE,BAJAJ HINDUSTHAN SUGAR LIMITED,5,"-"
BALAXI,EQ,BALAXI PHARMACEUTICALS LIMITED,5,"-"
BALLARPUR,BZ,BALLARPUR INDUSTRIES LIMITED,5,"-"
BANG,BE,BANG OVERSEAS LIMITED,5,"-"
BANSWRAS,EQ,BANSWARA SYNTEX LIMITED,5,"-"
BARTRONICS,BZ,BARTRONICS INDIA LIMITED,5,"-"
BASML,EQ,BANNARI AMMAN SPINNING MILLS LIMITED,5,"-"
BBTCL,SM,B&B TRIPLEWALL CONTAINERS LIMITED,5,"-"
BCG,BE,BRIGHTCOM GROUP LIMITED,5,"-"
BCONCEPTS,SM,BRAND CONCEPTS LIMITED,5,"-"
BDR,IT,BDR BUILDCON LIMITED,5,"-"
BEARDSELL,EQ,BEARDSELL LIMITED,5,"-"
BEDMUTHA,BE,BEDMUTHA INDUSTRIES LIMITED,5,"-"
BESTAGRO,EQ,BEST AGROLIFE LIMITED,5,"-"
BHANDARI,EQ,BHANDARI HOSIERY EXPORTS LIMITED,5,"-"
BHARATWIRE,BE,BHARAT WIRE ROPES LIMITED,5,"-"
BIOFILCHEM,EQ,BIOFIL CHEMICALS & PHARMACEUTICALS LIMITED,5,"-"
BIRLACABLE,BE,BIRLA CABLE LIMITED,5,"-"
BKMINDST,BE,BKM INDUSTRIES LIMITED,5,"-"
BLBLIMITED,EQ,BLB LIMITED,5,"-"
BOHRA,SM,BOHRA INDUSTRIES LIMITED,5,"-"
BORORENEW,BE,BOROSIL RENEWABLES LIMITED,5,"-"
BRFL,BE,BOMBAY RAYON FASHIONS LIMITED,5,"-"
BRIGHT,SM,BRIGHT SOLAR LIMITED,5,"-"
BSHSL,BE,BOMBAY SUPER HYBRID SEEDS LIMITED,5,"-"
BSL,EQ,BSL LIMITED,5,"-"
BURNPUR,BE,BURNPUR CEMENT LIMITED,5,"GSM Stage - I"
BUTTERFLY,BE,BUTTERFLY GANDHIMATHI APPLIANCES LIMITED,5,"-"
BVCL,BE,BARAK VALLEY CEMENTS LIMITED,5,"-"
CADSYS,SM,CADSYS (INDIA) LIMITED,5,"-"
CANDC,BZ,C & C CONSTRUCTIONS LIMITED,5,"GSM Stage - 0"
CCHHL,BE,COUNTRY CLUB HOSPITALITY & HOLIDAYS LIMITED,5,"-"
CDSL,BE,CENTRAL DEPOSITORY SERVICES (INDIA) LIMITED,5,"-"
CEBBCO,BE,COMMERCIAL ENGINEERS & BODY BUILDERS CO LIMITED,5,"-"
CELEBRITY,EQ,CELEBRITY FASHIONS LIMITED,5,"-"
CGPOWER,BE,CG POWER AND INDUSTRIAL SOLUTIONS LIMITED,5,"-"
CINELINE,BE,CINELINE INDIA LIMITED,5,"-"
CINEVISTA,BE,CINEVISTA LIMITED,5,"-"
CLEDUCATE,EQ,CL EDUCATE LIMITED,5,"-"
CMMIPL,SM,CMM INFRAPROJECTS LIMITED,5,"-"
COFFEEDAY,EQ,COFFEE DAY ENTERPRISES LIMITED,5,"-"
COMPUSOFT,EQ,COMPUCOM SOFTWARE LIMITED,5,"-"
CONTI,SM,CONTINENTAL SEEDS AND CHEMICALS LIMITED,5,"-"
COX&KINGS,BZ,COX & KINGS LIMITED,5,"GSM Stage - 0"
CREATIVE,BE,CREATIVE PERIPHERALS AND DISTRIBUTION LIMITED,5,"-"
CREATIVEYE,EQ,CREATIVE EYE LIMITED,5,"-"
CREST,BE,CREST VENTURES LIMITED,5,"-"
CROWN,SM,CROWN LIFTERS LIMITED,5,"-"
CTE,EQ,CAMBRIDGE TECHNOLOGY ENTERPRISES LIMITED,5,"-"
CYBERMEDIA,BE,CYBER MEDIA (INDIA) LIMITED,5,"-"
DAMODARIND,BE,DAMODAR INDUSTRIES LIMITED,5,"-"
DBSTOCKBRO,EQ,DB (INTERNATIONAL) STOCK BROKERS LIMITED,5,"-"
DCM,BE,DCM  LIMITED,5,"-"
DCMFINSERV,BE,DCM FINANCIAL SERVICES LIMITED,5,"-"
DCMNVL,EQ,DCM NOUVELLE LIMITED,5,"-"
DEEPAKFERT,BE,DEEPAK FERTILIZERS AND PETROCHEMICALS CORPORATION LIMITED,5,"-"
DEEPENR,BE,DEEP ENERGY RESOURCES LIMITED,5,"-"
DELTAMAGNT,EQ,DELTA MANUFACTURING LIMITED,5,"-"
DGCONTENT,BE,DIGICONTENT LIMITED,5,"GSM Stage - I"
DHAMPURSUG,EQ,DHAMPUR SUGAR MILLS LIMITED,5,"-"
DHARSUGAR,BE,DHARANI SUGARS & CHEMICALS LIMITED,5,"-"
DIAPOWER,BZ,DIAMOND POWER INFRA LTD,5,"GSM Stage - I"
DIGISPICE,BE,DIGISPICE TECHNOLOGIES LIMITED,5,"-"
DPWIRES,EQ,D P WIRES LIMITED,5,"-"
DRL,SM,DHANUKA REALTY LIMITED,5,"-"
DSML,SM,DEBOCK SALES AND MARKETING LIMITED,5,"-"
DUCON,BE,DUCON INFRATECHNOLOGIES LIMITED,5,"-"
E2E,SM,E2E NETWORKS LIMITED,5,"-"
EASTSILK,EQ,EASTERN SILK INDUSTRIES LIMITED,5,"-"
EASUNREYRL,BZ,EASUN REYROLLE LIMITED,5,"GSM Stage - 0"
ECLERX,BE,ECLERX SERVICES LIMITED,5,"-"
EDUCOMP,BZ,EDUCOMP SOLUTIONS LIMITED,5,"GSM Stage - 0"
EIFFL,SM,EURO INDIA FRESH FOODS LIMITED,5,"-"
EKC,BE,EVEREST KANTO CYLINDER LIMITED,5,"-"
EMAMIREAL,EQ,EMAMI REALTY LIMITED,5,"-"
EMCO,BZ,EMCO LIMITED,5,"GSM Stage - 0"
EMKAYTOOLS,SM,EMKAY TAPS AND CUTTING TOOLS LIMITED,5,"-"
ENERGYDEV,EQ,ENERGY DEVELOPMENT COMPANY LIMITED,5,"-"
EROSMEDIA,EQ,EROS INTERNATIONAL MEDIA LIMITED,5,"-"
EXCEL,BE,EXCEL REALTY N INFRA LIMITED,5,"-"
EXPLEOSOL,BE,EXPLEO SOLUTIONS LIMITED,5,"-"
EXXARO,BE,EXXARO TILES LIMITED,5,"-"
FAIRCHEMOR,EQ,FAIRCHEM ORGANICS LIMITED,5,"-"
FCSSOFT,BE,FCS SOFTWARE SOLUTIONS LIMITED,5,"-"
FELDVR,EQ,FUTURE ENTERPRISES LIMITED,5,"-"
FELIX,SM,FELIX INDUSTRIES LIMITED,5,"-"
FLEXITUFF,EQ,FLEXITUFF VENTURES INTERNATIONAL LIMITED,5,"-"
FMNL,EQ,FUTURE MARKET NETWORKS LIMITED,5,"-"
FOCUS,SM,FOCUS LIGHTING AND FIXTURES LIMITED,5,"-"
GANGAFORGE,EQ,GANGA FORGING LIMITED,5,"-"
GDL,BE,GATEWAY DISTRIPARKS LIMITED,5,"-"
GENESYS,EQ,GENESYS INTERNATIONAL CORPORATION LIMITED,5,"-"
GENUSPAPER,BE,GENUS PAPER & BOARDS LIMITED,5,"-"
GFSTEELS,BE,GRAND FOUNDRY LIMITED,5,"GSM Stage - II"
GICL,SM,GLOBE INTERNATIONAL CARRIERS LIMITED,5,"-"
GILLANDERS,BE,GILLANDERS ARBUTHNOT & COMPANY LIMITED,5,"-"
GIRIRAJ,SM,GIRIRAJ CIVIL DEVELOPERS LIMITED,5,"-"
GIRRESORTS,IT,GIR NATUREVIEW RESORTS LIMITED,5,"-"
GISOLUTION,BE,GI ENGINEERING SOLUTIONS LIMITED,5,"GSM Stage - II"
GLOBALVECT,EQ,GLOBAL VECTRA HELICORP LIMITED,5,"-"
GLOBE,BE,GLOBE TEXTILES (INDIA) LIMITED,5,"-"
GLOBUSSPR,BE,GLOBUS SPIRITS LIMITED,5,"-"
GODHA,BE,GODHA CABCON & INSULATION LIMITED,5,"-"
GOENKA,BZ,GOENKA DIAMOND AND JEWELS LIMITED,5,"-"
GOKEX,EQ,GOKALDAS EXPORTS LIMITED,5,"-"
GOLDENTOBC,EQ,GOLDEN TOBACCO LIMITED,5,"-"
GOLDSTAR,SM,GOLDSTAR POWER LIMITED,5,"-"
GOLDTECH,EQ,GOLDSTONE TECHNOLOGIES LIMITED,5,"-"
GOODLUCK,EQ,GOODLUCK INDIA LIMITED,5,"-"
GPIL,BE,GODAWARI POWER AND ISPAT LIMITED,5,"-"
GREENPANEL,BE,GREENPANEL INDUSTRIES LIMITED,5,"-"
GREENPOWER,EQ,ORIENT GREEN POWER COMPANY LIMITED,5,"-"
GRETEX,SM,GRETEX INDUSTRIES LIMITED,5,"-"
GTL,BE,GTL LIMITED,5,"-"
GTLINFRA,BE,GTL INFRASTRUCTURE LIMITED,5,"-"
GTNTEX,EQ,GTN TEXTILES LIMITED,5,"-"
GUJNRECOKE,W1,GUJARAT NRE COKE LIMITED,5,"-"
GUJRAFFIA,BE,GUJARAT RAFFIA INDUSTRIES LIMITED,5,"-"
GULPOLY,BE,GULSHAN POLYOLS LIMITED,5,"-"
HAVISHA,BE,SRI HAVISHA HOSPITALITY AND INFRASTRUCTURE LIMITED,5,"-"
HBSL,EQ,HB STOCKHOLDINGS LIMITED,5,"-"
HCC,EQ,HINDUSTAN CONSTRUCTION COMPANY LIMITED,5,"-"
HCL-INSYS,EQ,HCL INFOSYSTEMS LIMITED,5,"-"
HDIL,BZ,HOUSING DEVELOPMENT AND INFRASTRUCTURE LIMITED,5,"-"
HECPROJECT,SM,HEC INFRA PROJECTS LIMITED,5,"-"
HEXATRADEX,BE,HEXA TRADEX LIMITED,5,"-"
HFCL,BE,HFCL LIMITED,5,"-"
HGS,BE,HINDUJA GLOBAL SOLUTIONS LIMITED,5,"-"
HILTON,EQ,HILTON METAL FORGING LIMITED,5,"-"
HIMATSEIDE,BE,HIMATSINGKA SEIDE LIMITED,5,"-"
HINDCON,EQ,HINDCON CHEMICALS LIMITED,5,"-"
HINDNATGLS,BE,HINDUSTHAN NATIONAL GLASS & INDUSTRIES LIMITED,5,"-"
HMT,BZ,HMT LIMITED,5,"-"
HNDFDS,BE,HINDUSTAN FOODS LIMITED,5,"-"
HOVS,BE,HOV SERVICES LIMITED,5,"-"
HPL,EQ,HPL ELECTRIC & POWER LIMITED,5,"-"
HUBTOWN,BE,HUBTOWN LIMITED,5,"-"
ICDSLTD,BE,ICDS LIMITED,5,"-"
IIFL,BE,IIFL FINANCE LIMITED,5,"-"
IITL,EQ,INDUSTRIAL INVESTMENT TRUST LIMITED,5,"-"
IL&FSENGG,BZ,IL&FS ENGINEERING AND CONSTRUCTION COMPANY LIMITED,5,"-"
IL&FSTRANS,BZ,IL&FS TRANSPORTATION NETWORKS LIMITED,5,"-"
IMFA,BE,INDIAN METALS & FERRO ALLOYS LIMITED,5,"-"
INCREDIBLE,BE,INCREDIBLE INDUSTRIES LIMITED,5,"-"
INDIANCARD,BE,INDIAN CARD CLOTHING COMPANY LIMITED,5,"-"
INDLMETER,EQ,IMP POWERS LIMITED,5,"-"
INDORAMA,BE,INDO RAMA SYNTHETICS (INDIA) LIMITED,5,"-"
INDOSOLAR,BZ,INDOSOLAR LIMITED,5,"-"
INDOTECH,BE,INDO TECH TRANSFORMERS LIMITED,5,"-"
INDOTHAI,EQ,INDO THAI SECURITIES LIMITED,5,"-"
INDOWIND,BE,INDOWIND ENERGY LIMITED,5,"-"
INDSWFTLTD,BE,IND-SWIFT LIMITED,5,"-"
INFOBEAN,BE,INFOBEANS TECHNO. LTD.,5,"-"
INNOVANA,SM,INNOVANA THINKLABS LIMITED,5,"-"
INNOVATIVE,SM,INNOVATIVE TYRES AND TUBES LIMITED,5,"-"
INSPIRISYS,BE,INSPIRISYS SOLUTIONS LIMITED,5,"-"
INTENTECH,EQ,INTENSE TECHNOLOGIES LIMITED,5,"-"
IRISDOREME,BE,IRIS CLOTHINGS LIMITED,5,"-"
ISMTLTD,BE,ISMT LIMITED,5,"-"
IVC,EQ,IL&FS INVESTMENT MANAGERS LIMITED,5,"-"
IVP,EQ,IVP LIMITED,5,"-"
IWEL,BE,INOX WIND ENERGY LIMITED,5,"-"
IZMO,EQ,IZMO LIMITED,5,"-"
JAIBALAJI,EQ,JAI BALAJI INDUSTRIES LIMITED,5,"-"
JAINSTUDIO,BZ,JAIN STUDIOS LIMITED,5,"GSM Stage - 0"
JAIPURKURT,SM,NANDANI CREATION LIMITED,5,"-"
JALAN,SM,JALAN TRANSOLUTIONS (INDIA) LIMITED,5,"-"
JAYNECOIND,BE,JAYASWAL NECO INDUSTRIES LIMITED,5,"-"
JBFIND,BE,JBF INDUSTRIES LIMITED,5,"-"
JETAIRWAYS,BZ,JET AIRWAYS (INDIA) LIMITED,5,"-"
JETFREIGHT,SM,JET FREIGHT LOGISTICS LIMITED,5,"-"
JETKNIT,SM,JET KNITWEARS LIMITED,5,"-"
JISLDVREQS,EQ,JAIN IRRIGATION SYSTEMS LIMITED,5,"-"
JITFINFRA,BE,JITF INFRALOGISTICS LIMITED,5,"-"
JMTAUTOLTD,EQ,JMT AUTO LIMITED,5,"-"
JPASSOCIAT,BE,JAIPRAKASH ASSOCIATES LIMITED,5,"-"
JPINFRATEC,EQ,JAYPEE INFRATECH LIMITED,5,"-"
JPPOWER,EQ,JAIPRAKASH POWER VENTURES LIMITED,5,"-"
JSWENERGY,BE,JSW ENERGY LIMITED,5,"-"
JSWISPL,BE,JSW ISPAT SPECIAL PRODUCTS LIMITED,5,"-"
JUBLINDS,EQ,JUBILANT INDUSTRIES LIMITED,5,"-"
JUMPNET,EQ,JUMP NETWORKS LIMITED,5,"-"
JYOTISTRUC,BZ,JYOTI STRUCTURES LIMITED,5,"-"
KALYANI,BE,KALYANI COMMERCIALS LIMITED,5,"-"
KALYANIFRG,BE,KALYANI FORGE LIMITED,5,"-"
KANANIIND,BE,KANANI INDUSTRIES LIMITED,5,"-"
KANORICHEM,EQ,KANORIA CHEMICALS & INDUSTRIES LIMITED,5,"-"
KAPSTON,BE,KAPSTON FACILITIES MANAGEMENT LIMITED,5,"-"
KARDA,BE,KARDA CONSTRUCTIONS LIMITED,5,"-"
KARMAENG,BE,KARMA ENERGY LIMITED,5,"-"
KAUSHALYA,EQ,KAUSHALYA INFRASTRUCTURE DEVELOPMENT CORPORATION LIMITED,5,"-"
KAVVERITEL,BE,KAVVERI TELECOM PRODUCTS LIMITED,5,"-"
KCPSUGIND,EQ,KCP SUGAR AND INDUSTRIES CORPORATION LIMITED,5,"-"
KERNEX,BE,KERNEX MICROSYSTEMS (INDIA) LIMITED,5,"-"
KHAICHEM,EQ,KHAITAN CHEMICALS & FERTILIZERS LIMITED,5,"-"
KHANDSE,EQ,KHANDWALA SECURITIES LIMITED,5,"-"
KILITCH,EQ,KILITCH DRUGS (INDIA) LIMITED,5,"-"
KINGFA,EQ,KINGFA SCIENCE & TECHNOLOGY (INDIA) LIMITED,5,"-"
KIRLOSBROS,BE,KIRLOSKAR BROTHERS LIMITED,5,"-"
KKVAPOW,SM,KKV AGRO POWERS LIMITED,5,"-"
KMSUGAR,EQ,K.M.SUGAR MILLS LIMITED,5,"-"
KOPRAN,BE,KOPRAN LIMITED,5,"-"
KOTHARIPRO,BE,KOTHARI PRODUCTS LIMITED,5,"-"
KPIGLOBAL,EQ,K.P.I. GLOBAL INFRASTRUCTURE LIMITED,5,"-"
KRIDHANINF,EQ,KRIDHAN INFRA LIMITED,5,"-"
KRISHANA,EQ,KRISHANA PHOSCHEM LIMITED,5,"-"
KSOLVES,SM,KSOLVES INDIA LIMITED,5,"-"
LAGNAM,SM,LAGNAM SPINTEX LIMITED,5,"-"
LAKPRE,BZ,LAKSHMI PRECISION SCREWS LIMITED,5,"GSM Stage - 0"
LAMBODHARA,BE,LAMBODHARA TEXTILES LIMITED,5,"-"
LATTEYS,SM,LATTEYS INDUSTRIES LIMITED,5,"-"
LAXMICOT,SM,LAXMI COTSPIN LIMITED,5,"-"
LEXUS,SM,LEXUS GRANITO (INDIA) LIMITED,5,"-"
LGBFORGE,BE,LGB FORGE LIMITED,5,"-"
LGHL,SM,LAXMI GOLDORNA HOUSE LIMITED,5,"-"
LIQUIDBEES,EQ,NIPPON INDIA ETF LIQUID BEES,5,"-"
LOTUSEYE,BE,LOTUS EYE HOSPITAL AND INSTITUTE LIMITED,5,"-"
LPDC,BE,LANDMARK PROPERTY DEVELOPMENT COMPANY LIMITED,5,"-"
LSIL,BE,LLOYDS STEELS INDUSTRIES LIMITED,5,"-"
LYKALABS,EQ,LYKA LABS LIMITED,5,"-"
LYPSAGEMS,EQ,LYPSA GEMS & JEWELLERY LIMITED,5,"-"
MAANALU,BE,MAAN ALUMINIUM LIMITED,5,"-"
MADHUCON,EQ,MADHUCON PROJECTS LIMITED,5,"-"
MAGADSUGAR,EQ,MAGADH SUGAR & ENERGY LIMITED,5,"-"
MAGNUM,BE,MAGNUM VENTURES LIMITED,5,"-"
MAHAPEXLTD,BE,MAHA RASHTRA APEX CORPORATION LIMITED,5,"-"
MANAKSTEEL,EQ,MANAKSIA STEELS LIMITED,5,"-"
MANALIPETC,BE,MANALI PETROCHEMICALS LIMITED,5,"-"
MANAV,SM,MANAV INFRA PROJECTS LIMITED,5,"-"
MANUGRAPH,EQ,MANUGRAPH INDIA LIMITED,5,"-"
MARALOVER,EQ,MARAL OVERSEAS LIMITED,5,"-"
MASKINVEST,BE,MASK INVESTMENTS LIMITED,5,"GSM Stage - 0"
MAWANASUG,BE,MAWANA SUGARS LIMITED,5,"-"
MBECL,BE,MCNALLY BHARAT ENGINEERING COMPANY LIMITED,5,"-"
MCL,EQ,MADHAV COPPER LIMITED,5,"-"
MCLEODRUSS,EQ,MCLEOD RUSSEL INDIA LIMITED,5,"-"
MDL,SM,MARVEL DECOR LIMITED,5,"-"
MEGASOFT,BE,MEGASOFT LIMITED,5,"-"
MELSTAR,BZ,MELSTAR INFORMATION TECHNOLOGIES LIMITED,5,"GSM Stage - 0"
MERCATOR,BE,MERCATOR LIMITED,5,"-"
METALFORGE,BZ,METALYST FORGINGS LIMITED,5,"-"
MFL,BE,MEGHMANI FINECHEM LIMITED,5,"-"
MILTON,SM,MILTON INDUSTRIES LIMITED,5,"-"
MINDPOOL,SM,MINDPOOL TECHNOLOGIES LIMITED,5,"-"
MINDTECK,EQ,MINDTECK (INDIA) LIMITED,5,"-"
MIRCELECTR,BE,MIRC ELECTRONICS LIMITED,5,"-"
MITCON,SM,MITCON CONSULTANCY & ENGINEERING SERVICES LIMITED,5,"-"
MKPL,SM,M K PROTEINS LIMITED,5,"-"
MODIRUBBER,BE,MODI RUBBER LIMITED,5,"-"
MOHITIND,BE,MOHIT INDUSTRIES LIMITED,5,"-"
MOHOTAIND,BE,MOHOTA INDUSTRIES LIMITED,5,"-"
MOL,BE,MEGHMANI ORGANICS LIMITED,5,"-"
MOLDTECH,BE,MOLD-TEK TECHNOLOGIES LIMITED,5,"-"
MORARJEE,EQ,MORARJEE TEXTILES LIMITED,5,"-"
MPTODAY,SM,MADHYA PRADESH TODAY MEDIA LIMITED,5,"-"
MRO,IT,M.R. ORGANISATION LIMITED,5,"-"
MRO-TEK,BE,MRO-TEK REALTY LIMITED,5,"GSM Stage - II"
MSPL,EQ,MSP STEEL & POWER LIMITED,5,"-"
MUKANDLTD,BE,MUKAND LIMITED,5,"-"
MUKTAARTS,EQ,MUKTA ARTS LIMITED,5,"-"
NAGAFERT,BE,NAGARJUNA FERTILIZERS AND CHEMICALS LIMITED,5,"-"
NAGREEKCAP,EQ,NAGREEKA CAPITAL & INFRASTRUCTURE LIMITED,5,"-"
NAGREEKEXP,BE,NAGREEKA EXPORTS LIMITED,5,"-"
NAHARCAP,EQ,NAHAR CAPITAL AND FINANCIAL SERVICES LIMITED,5,"-"
NAHARINDUS,BE,NAHAR INDUSTRIAL ENTERPRISES LIMITED,5,"-"
NAHARSPING,BE,NAHAR SPINNING MILLS LIMITED,5,"-"
NARMADA,SM,NARMADA AGROBASE LIMITED,5,"-"
NATNLSTEEL,EQ,NATIONAL STEEL AND AGRO INDUSTRIES LIMITED,5,"GSM Stage - I"
NDGL,BE,NAGA DHUNSERI GROUP LIMITED,5,"-"
NDL,EQ,NANDAN DENIM LIMITED,5,"-"
NDRAUTO,BE,NDR AUTO COMPONENTS LIMITED,5,"-"
NECCLTD,EQ,NORTH EASTERN CARRYING CORPORATION LIMITED,5,"-"
NELCO,EQ,NELCO LIMITED,5,"-"
NEULANDLAB,BE,NEULAND LABORATORIES LIMITED,5,"-"
NEWGEN,BE,NEWGEN SOFTWARE TECHNOLOGIES LIMITED,5,"-"
NILASPACES,BE,NILA SPACES LIMITED,5,"-"
NIRAJISPAT,BE,NIRAJ ISPAT INDUSTRIES LIMITED,5,"-"
NITCO,EQ,NITCO LIMITED,5,"-"
NITINFIRE,BZ,NITIN FIRE PROTECTION INDUSTRIES LIMITED,5,"GSM Stage - 0"
NITINSPIN,BE,NITIN SPINNERS LIMITED,5,"-"
NKIND,EQ,NK INDUSTRIES LIMITED,5,"GSM Stage - 0"
NOIDATOLL,EQ,NOIDA TOLL BRIDGE COMPANY LIMITED,5,"-"
NPST,ST,NETWORK PEOPLE SERVICES TECHNOLOGIES LIMITED,5,"-"
NTL,BE,NEUEON TOWERS LIMITED,5,"GSM Stage - I"
NURECA,EQ,NURECA LIMITED,5,"-"
OILCOUNTUB,BE,OIL COUNTRY TUBULAR LIMITED,5,"-"
OLECTRA,BE,OLECTRA GREENTECH LIMITED,5,"-"
OMAXAUTO,BE,OMAX AUTOS LIMITED,5,"-"
OMFURN,SM,OMFURN INDIA LIMITED,5,"-"
OMKARCHEM,EQ,OMKAR SPECIALITY CHEMICALS LIMITED,5,"-"
ONELIFECAP,BE,ONELIFE CAPITAL ADVISORS LIMITED,5,"-"
ONEPOINT,BE,ONE POINT ONE SOLUTIONS LIMITED,5,"-"
OPTIEMUS,BE,OPTIEMUS INFRACOM LIMITED,5,"-"
OPTOCIRCUI,BE,OPTO CIRCUITS (INDIA) LIMITED,5,"GSM Stage - 0"
ORCHPHARMA,BE,ORCHID PHARMA LIMITED,5,"-"
ORICONENT,EQ,ORICON ENTERPRISES LIMITED,5,"-"
ORIENTLTD,EQ,ORIENT PRESS LIMITED,5,"-"
ORTEL,BZ,ORTEL COMMUNICATIONS LIMITED,5,"GSM Stage - I"
OSWALAGRO,EQ,OSWAL AGRO MILLS LIMITED,5,"-"
OSWALSEEDS,SM,SHREEOSWAL SEEDS AND CHEMICALS LIMITED,5,"-"
PAEL,BZ,PAE LIMITED,5,"-"
PANACHE,BE,PANACHE DIGILIFE LIMITED,5,"-"
PANSARI,SM,PANSARI DEVELOPERS LIMITED,5,"-"
PARACABLES,BE,PARAMOUNT COMMUNICATIONS LIMITED,5,"-"
PARSVNATH,EQ,PARSVNATH DEVELOPERS LIMITED,5,"-"
PARTYCRUS,SM,PARTY CRUISERS LIMITED,5,"-"
PATINTLOG,EQ,PATEL INTEGRATED LOGISTICS LIMITED,5,"-"
PATSPINLTD,EQ,PATSPIN INDIA LIMITED,5,"-"
PBAINFRA,BE,PBA INFRASTRUCTURE LIMITED,5,"-"
PEARLPOLY,EQ,PEARL POLYMERS LIMITED,5,"-"
PENINLAND,BE,PENINSULA LAND LIMITED,5,"-"
PENTAGOLD,SM,PENTA GOLD LIMITED,5,"-"
PERFECT,SM,PERFECT INFRAENGINEERS LIMITED,5,"-"
PIGL,SM,POWER & INSTRUMENTATION (GUJARAT) LIMITED,5,"-"
PITTIENG,EQ,PITTI ENGINEERING LIMITED,5,"-"
PKTEA,BE,THE PERIA KARAMALAI TEA & PRODUCE COMPANY LIMITED,5,"-"
PNBHOUSING,BE,PNB HOUSING FINANCE LIMITED,5,"-"
PODDARHOUS,EQ,PODDAR HOUSING AND DEVELOPMENT LIMITED,5,"-"
PONNIERODE,BE,PONNI SUGARS (ERODE) LIMITED,5,"-"
POONAWALLA,BE,POONAWALLA FINCORP LIMITED,5,"-"
PRAENG,BE,PRAJAY ENGINEERS SYNDICATE LIMITED,5,"-"
PRAJIND,BE,PRAJ INDUSTRIES LIMITED,5,"-"
PRAKASHSTL,EQ,PRAKASH STEELAGE LIMITED,5,"-"
PRAXIS,EQ,PRAXIS HOME RETAIL LIMITED,5,"-"
PRECOT,EQ,PRECOT LIMITED,5,"-"
PREMEXPLN,BE,PREMIER EXPLOSIVES LIMITED,5,"-"
PREMIER,EQ,PREMIER LIMITED,5,"GSM Stage - 0"
PREMIERPOL,EQ,PREMIER POLYFILM LIMITED,5,"-"
PRIMESECU,EQ,PRIME SECURITIES LIMITED,5,"-"
PRITI,SM,PRITI INTERNATIONAL LIMITED,5,"-"
PROINDIA,BE,PROSEED INDIA LIMITED,5,"-"
PROLIFE,SM,PROLIFE INDUSTRIES LIMITED,5,"-"
PULZ,SM,PULZ ELECTRONICS LIMITED,5,"-"
PUNJLLOYD,BZ,PUNJ LLOYD LIMITED,5,"GSM Stage - 0"
PVP,BE,PVP VENTURES LIMITED,5,"-"
RADAAN,EQ,RADAAN MEDIAWORKS INDIA LIMITED,5,"GSM Stage - I"
RAJMET,BE,RAJNANDINI METAL LIMITED,5,"-"
RAJRATAN,BE,RAJRATAN GLOBAL WIRE LIMITED,5,"-"
RAJRAYON,BZ,RAJ RAYON INDUSTRIES LIMITED,5,"GSM Stage - I"
RAJSREESUG,EQ,RAJSHREE SUGARS & CHEMICALS LIMITED,5,"-"
RAJTV,BE,RAJ TELEVISION NETWORK LIMITED,5,"-"
RAMASTEEL,BE,RAMA STEEL TUBES LIMITED,5,"-"
RAMKY,BE,RAMKY INFRASTRUCTURE LIMITED,5,"-"
RANASUG,BE,RANA SUGARS LIMITED,5,"-"
RCOM,EQ,RELIANCE COMMUNICATIONS LIMITED,5,"-"
RELCAPITAL,EQ,RELIANCE CAPITAL LIMITED,5,"-"
RELIABLE,SM,RELIABLE DATA SERVICES LIMITED,5,"-"
RELINFRA,BE,RELIANCE INFRASTRUCTURE LIMITED,5,"-"
REMSONSIND,BE,REMSONS INDUSTRIES LIMITED,5,"-"
RENUKA,BE,SHREE RENUKA SUGARS LIMITED,5,"-"
REXPIPES,ST,REX PIPES AND CABLES INDUSTRIES LIMITED,5,"-"
RHFL,BE,RELIANCE HOME FINANCE LIMITED,5,"-"
RKDL,BE,RAVI KUMAR DISTILLERIES LIMITED,5,"-"
RMCL,BZ,RADHA MADHAV CORPORATION LIMITED,5,"GSM Stage - 0"
RMDRIP,SM,R M DRIP AND SPRINKLERS SYSTEMS LIMITED,5,"-"
RNAVAL,BZ,RELIANCE NAVAL AND ENGINEERING LIMITED,5,"-"
ROLTA,BE,ROLTA INDIA LIMITED,5,"-"
RPOWER,BE,RELIANCE POWER LIMITED,5,"-"
RSWM,EQ,RSWM LIMITED,5,"-"
RTNINDIA,BE,RATTANINDIA ENTERPRISES LIMITED,5,"-"
RTNPOWER,BE,RATTANINDIA POWER LIMITED,5,"-"
RUCHINFRA,BE,RUCHI INFRASTRUCTURE LIMITED,5,"-"
RUSHIL,EQ,RUSHIL DECOR LIMITED,5,"-"
RVHL,EQ,RAVINDER HEIGHTS LIMITED,5,"-"
SABEVENTS,BE,SAB EVENTS & GOVERNANCE NOW MEDIA LIMITED,5,"GSM Stage - 0"
SABTN,BE,SRI ADHIKARI BROTHERS TELEVISION NETWORK LIMITED,5,"GSM Stage - II"
SADBHIN,EQ,SADBHAV INFRASTRUCTURE PROJECT LIMITED,5,"-"
SAGARDEEP,BE,SAGARDEEP ALLOYS LIMITED,5,"-"
SAKHTISUG,BE,SAKTHI SUGARS LIMITED,5,"-"
SAKUMA,BE,SAKUMA EXPORTS LIMITED,5,"-"
SALSTEEL,BE,S.A.L. STEEL LIMITED,5,"-"
SAMBHAAV,BE,SAMBHAAV MEDIA LIMITED,5,"-"
SANGAMIND,EQ,SANGAM (INDIA) LIMITED,5,"-"
SANWARIA,BZ,SANWARIA CONSUMER LIMITED,5,"-"
SARDAEN,BE,SARDA ENERGY & MINERALS LIMITED,5,"-"
SAREGAMA,BE,SAREGAMA INDIA LIMITED,5,"-"
SARVESHWAR,SM,SARVESHWAR FOODS LIMITED,5,"-"
SASTASUNDR,BE,SASTASUNDAR VENTURES LIMITED,5,"-"
SCAPDVR,BE,STAMPEDE CAPITAL LIMITED,5,"-"
SCHAND,EQ,S CHAND AND COMPANY LIMITED,5,"-"
SDBL,EQ,SOM DISTILLERIES & BREWERIES LIMITED,5,"-"
SECL,SM,SALASAR EXTERIORS AND CONTOUR LIMITED,5,"-"
SECURCRED,SM,SECUR CREDENTIALS LIMITED,5,"-"
SEPOWER,EQ,S.E. POWER LIMITED,5,"-"
SERVOTECH,SM,SERVOTECH POWER SYSTEMS LIMITED,5,"-"
SETUINFRA,BE,SETUBANDHAN INFRASTRUCTURE LIMITED,5,"-"
SEYAIND,EQ,SEYA INDUSTRIES LIMITED,5,"-"
SGL,EQ,STL GLOBAL LIMITED,5,"-"
SHANTI,SM,SHANTI OVERSEAS (INDIA) LIMITED,5,"-"
SHARDAMOTR,BE,SHARDA MOTOR INDUSTRIES LIMITED,5,"-"
SHIL,BE,SOMANY HOME INNOVATION LIMITED,5,"-"
SHIVAMILLS,EQ,SHIVA MILLS LIMITED,5,"-"
SHREERAMA,EQ,SHREE RAMA MULTI-TECH LIMITED,5,"-"
SHREYAS,EQ,SHREYAS SHIPPING & LOGISTICS LIMITED,5,"-"
SHRIPISTON,BE,SHRIRAM PISTONS & RINGS LIMITED,5,"-"
SHRIRAMEPC,EQ,SHRIRAM EPC LIMITED,5,"-"
SHUBHLAXMI,SM,SHUBHLAXMI JEWEL ART LIMITED,5,"-"
SHYAMCENT,EQ,SHYAM CENTURY FERROUS LIMITED,5,"-"
SHYAMTEL,BE,SHYAM TELECOM LIMITED,5,"GSM Stage - II"
SIDDHIKA,SM,SIDDHIKA COATINGS LIMITED,5,"-"
SIGIND,EQ,SIGNET INDUSTRIES LIMITED,5,"-"
SIGMA,SM,SIGMA SOLVE LIMITED,5,"-"
SIKKO,SM,SIKKO INDUSTRIES LIMITED,5,"-"
SIL,BE,STANDARD INDUSTRIES LIMITED,5,"-"
SILINV,BE,SIL INVESTMENTS LIMITED,5,"-"
SIMBHALS,BE,SIMBHAOLI SUGARS LIMITED,5,"-"
SIMPLEXINF,EQ,SIMPLEX INFRASTRUCTURES LIMITED,5,"-"
SITINET,EQ,SITI NETWORKS LIMITED,5,"-"
SKIL,EQ,SKIL INFRASTRUCTURE LIMITED,5,"-"
SKSTEXTILE,SM,SKS TEXTILES LIMITED,5,"-"
SMVD,SM,SMVD POLY PACK LIMITED,5,"-"
SOFTTECH,SM,SOFTTECH ENGINEERS LIMITED,5,"-"
SOLEX,SM,SOLEX ENERGY LIMITED,5,"-"
SOMANYCERA,BE,SOMANY CERAMICS LIMITED,5,"-"
SONISOYA,SZ,SONI SOYA PRODUCTS LIMITED,5,"-"
SOUTHWEST,EQ,SOUTH WEST PINNACLE EXPLORATION LIMITED,5,"-"
SPENTEX,BZ,SPENTEX INDUSTRIES LIMITED,5,"GSM Stage - 0"
SPMLINFRA,BE,SPML INFRA LIMITED,5,"-"
SPTL,EQ,SINTEX PLASTICS TECHNOLOGY LIMITED,5,"-"
SREINFRA,BE,SREI INFRASTRUCTURE FINANCE LIMITED,5,"-"
SRIRAM,SM,SHRI RAM SWITCHGEARS LIMITED,5,"-"
SRPL,BE,SHREE RAM PROTEINS LIMITED,5,"-"
SSINFRA,SM,S.S. INFRASTRUCTURE DEVELOPMENT CONSULTANTS LIMITED,5,"-"
SSWL,EQ,STEEL STRIPS WHEELS LIMITED,5,"-"
STEELCITY,EQ,STEEL CITY SECURITIES LIMITED,5,"-"
SUBCAPCITY,BE,INTERNATIONAL CONSTRUCTIONS LIMITED,5,"-"
SUMEETINDS,BE,SUMEET INDUSTRIES LIMITED,5,"-"
SUMIT,BE,SUMIT WOODS LIMITED,5,"-"
SUNDARAM,BE,SUNDARAM MULTI PAP LIMITED,5,"-"
SUPERSPIN,BE,SUPER SPINNING MILLS LIMITED,5,"-"
SUPPETRO,BE,SUPREME PETROCHEM LIMITED,5,"-"
SURANASOL,EQ,SURANA SOLAR LIMITED,5,"-"
SURANI,SM,SURANI STEEL TUBES LIMITED,5,"-"
SURYALAXMI,BE,SURYALAKSHMI COTTON MILLS LIMITED,5,"-"
SUULD,EQ,SUUMAYA INDUSTRIES LIMITED,5,"-"
SUZLON,EQ,SUZLON ENERGY LIMITED,5,"-"
TAINWALCHM,BE,TAINWALA CHEMICAL AND PLASTIC (I) LIMITED,5,"-"
TANLA,BE,TANLA PLATFORMS LIMITED,5,"-"
TANTIACONS,BZ,TANTIA CONSTRUCTIONS LIMITED,5,"-"
TARAPUR,EQ,TARAPUR TRANSFORMERS LIMITED,5,"-"
TARC,BE,TARC LIMITED,5,"-"
TATASTLBSL,BE,TATA STEEL BSL LIMITED,5,"-"
TATASTLLP,BE,TATA STEEL LONG PRODUCTS LIMITED,5,"-"
TEJASNET,BE,TEJAS NETWORKS LIMITED,5,"-"
TERASOFT,BE,TERA SOFTWARE LIMITED,5,"-"
TEXMOPIPES,EQ,TEXMO PIPES AND PRODUCTS LIMITED,5,"-"
TFL,EQ,TRANSWARRANTY FINANCE LIMITED,5,"-"
THOMASCOTT,BE,THOMAS SCOTT (INDIA) LIMITED,5,"GSM Stage - 0"
TI,BE,TILAKNAGAR INDUSTRIES LIMITED,5,"-"
TIDEWATER,BE,TIDE WATER OIL COMPANY (INDIA) LIMITED,5,"-"
TIJARIA,BE,TIJARIA POLYPIPES LIMITED,5,"-"
TIPSINDLTD,BE,TIPS INDUSTRIES LIMITED,5,"-"
TIRUPATI,SM,SHREE TIRUPATI BALAJEE FIBC LIMITED,5,"-"
TIRUPATIFL,BE,TIRUPATI FORGE LIMITED,5,"-"
TNTELE,BE,TAMILNADU TELECOMMUNICATION LIMITED,5,"-"
TOUCHWOOD,BE,TOUCHWOOD ENTERTAINMENT LIMITED,5,"-"
TRANSWIND,SM,TRANSWIND INFRASTRUCTURES LIMITED,5,"-"
TREEHOUSE,BE,TREE HOUSE EDUCATION & ACCESSORIES LIMITED,5,"-"
TRF,EQ,TRF LIMITED,5,"GSM Stage - I"
TRIDENT,EQ,TRIDENT LIMITED,5,"-"
TRIGYN,EQ,TRIGYN TECHNOLOGIES LIMITED,5,"-"
TTML,BE,TATA TELESERVICES (MAHARASHTRA) LIMITED,5,"-"
TVSELECT,EQ,TVS ELECTRONICS LIMITED,5,"-"
TVVISION,BE,TV VISION LIMITED,5,"GSM Stage - 0"
UGARSUGAR,EQ,THE UGAR SUGAR WORKS LIMITED,5,"-"
UNIINFO,SM,UNIINFO TELECOM SERVICES LIMITED,5,"-"
UNITECH,BZ,UNITECH LIMITED,5,"-"
UNITEDPOLY,SM,UNITED POLYFAB GUJARAT LIMITED,5,"-"
URJA,EQ,URJA GLOBAL LIMITED,5,"-"
URJAPP,X1,URJA GLOBAL LIMITED,5,"-"
UTTAMSTL,BE,UTTAM GALVA STEELS LIMITED,5,"-"
UTTAMSUGAR,BE,UTTAM SUGAR MILLS LIMITED,5,"-"
UWCSL,SM,ULTRA WIRING CONNECTIVITY SYSTEM LIMITED,5,"-"
VARDMNPOLY,BE,VARDHMAN POLYTEX LIMITED,5,"-"
VASA,SM,VASA RETAIL AND OVERSEAS LTD,5,"-"
VASCONEQ,EQ,VASCON ENGINEERS LIMITED,5,"-"
VCL,SM,VAXTEX COTFAB LIMITED,5,"-"
VERA,SM,VERA SYNTHETIC LIMITED,5,"-"
VICEROY,BZ,VICEROY HOTELS LIMITED,5,"GSM Stage - 0"
VIJIFIN,BE,VIJI FINANCE LIMITED,5,"-"
VIKASECO,EQ,VIKAS ECOTECH LIMITED,5,"-"
VIKASLIFE,BE,VIKAS LIFECARE LIMITED,5,"-"
VIKASWSP,EQ,VIKAS WSP LIMITED,5,"-"
VINEETLAB,EQ,VINEET LABORATORIES LIMITED,5,"-"
VIPCLOTHNG,BE,VIP CLOTHING LIMITED,5,"-"
VIPULLTD,EQ,VIPUL LIMITED,5,"-"
VISASTEEL,EQ,VISA STEEL LIMITED,5,"-"
VISHAL,EQ,VISHAL FABRICS LIMITED,5,"-"
VISHNU,EQ,VISHNU CHEMICALS LIMITED,5,"-"
VIVIDHA,EQ,VISAGAR POLYTEX LIMITED,5,"-"
VSCL,SM,VADIVARHE SPECIALITY CHEMICALS LIMITED,5,"-"
WALPAR,SM,WALPAR NUTRITIONS LIMITED,5,"-"
WANBURY,BE,WANBURY LIMITED,5,"-"
WEALTH,BE,WEALTH FIRST PORTFOLIO MANAGERS LIMITED,5,"-"
WEIZMANIND,EQ,WEIZMANN LIMITED,5,"-"
WEWIN,SM,WE WIN LIMITED,5,"-"
WFL,SM,WONDER FIBROMATS LIMITED,5,"-"
WINDMACHIN,EQ,WINDSOR MACHINES LIMITED,5,"-"
WIPL,BE,THE WESTERN INDIA PLYWOODS LIMITED,5,"-"
WSI,EQ,W S INDUSTRIES (I) LIMITED,5,"GSM Stage - I"
XELPMOC,BE,XELPMOC DESIGN AND TECH LIMITED,5,"-"
XPROINDIA,EQ,XPRO INDIA LIMITED,5,"-"
YAARII,BE,YAARII DIGITAL INTEGRATED SERVICES LIMITED,5,"-"
ZEEMEDIA,EQ,ZEE MEDIA CORPORATION LIMITED,5,"-"
ZODIAC,SM,ZODIAC ENERGY LIMITED,5,"-"
ZUARI,BE,ZUARI AGRO CHEMICALS LIMITED,5,"-"
ZUARIGLOB,BE,ZUARI GLOBAL LIMITED,5,"-"
5PAISA,EQ,5PAISA CAPITAL LIMITED,10,"-"
AAKASH,EQ,AAKASH EXPLORATION SERVICES LIMITED,10,"-"
ABAN,EQ,ABAN OFFSHORE LIMITED,10,"-"
ACRYSIL,EQ,ACRYSIL LIMITED,10,"-"
ADSL,EQ,ALLIED DIGITAL SERVICES LIMITED,10,"-"
AGROPHOS,EQ,AGRO PHOS INDIA LIMITED,10,"-"
AJOONI,EQ,AJOONI BIOTECH LIMITED,10,"-"
AKG,EQ,AKG EXIM LIMITED,10,"-"
ALPA,EQ,ALPA LABORATORIES LIMITED,10,"-"
AMBICAAGAR,EQ,AMBICA AGARBATHIES & AROMA INDUSTRIES LIMITED,10,"-"
ANDHRSUGAR,EQ,THE ANDHRA SUGARS LIMITED,10,"-"
ANGELBRKG,EQ,ANGEL BROKING LIMITED,10,"-"
ANSALAPI,EQ,ANSAL PROPERTIES & INFRASTRUCTURE LIMITED,10,"-"
ARIHANT,EQ,ARIHANT FOUNDATIONS & HOUSING LIMITED,10,"-"
ARIHANTSUP,EQ,ARIHANT SUPERSTRUCTURES LIMITED,10,"-"
ARROWGREEN,EQ,ARROW GREENTECH LIMITED,10,"-"
ARSHIYA,EQ,ARSHIYA LIMITED,10,"-"
ARSSINFRA,EQ,ARSS INFRASTRUCTURE PROJECTS LIMITED,10,"-"
ASHIMASYN,EQ,ASHIMA LIMITED,10,"-"
AVADHSUGAR,EQ,AVADH SUGAR & ENERGY LIMITED,10,"-"
AYMSYNTEX,EQ,AYM SYNTEX LIMITED,10,"-"
BAGFILMS,EQ,B.A.G FILMS AND MEDIA LIMITED,10,"-"
BALPHARMA,EQ,BAL PHARMA LIMITED,10,"-"
BANARBEADS,EQ,BANARAS BEADS LIMITED,10,"-"
BCP,EQ,B.C. POWER CONTROLS LTD,10,"-"
BETA,SM,BETA DRUGS LIMITED,10,"-"
BFUTILITIE,EQ,BF UTILITIES LIMITED,10,"-"
BIGBLOC,EQ,BIGBLOC CONSTRUCTION LIMITED,10,"-"
BIL,EQ,BHARTIYA INTERNATIONAL LIMITED,10,"-"
BIRLAMONEY,EQ,ADITYA BIRLA MONEY LIMITED,10,"-"
BIRLATYRE,EQ,BIRLA TYRES LIMITED,10,"-"
BLKASHYAP,EQ,B. L. KASHYAP AND SONS LIMITED,10,"-"
BPL,EQ,BPL LIMITED,10,"-"
BROOKS,EQ,BROOKS LABORATORIES LIMITED,10,"-"
BYKE,EQ,THE BYKE HOSPITALITY LTD,10,"-"
CAPTRUST,EQ,CAPITAL TRUST LIMITED,10,"-"
CENTEXT,EQ,CENTURY EXTRUSIONS LIMITED,10,"-"
CONSOFINVT,EQ,CONSOLIDATED FINVEST & HOLDINGS LIMITED,10,"-"
COUNCODOS,EQ,COUNTRY CONDO'S LIMITED,10,"-"
CUBEXTUB,EQ,CUBEX TUBINGS LIMITED,10,"-"
DANGEE,EQ,DANGEE DUMS LIMITED,10,"-"
DATAMATICS,EQ,DATAMATICS GLOBAL SERVICES LIMITED,10,"-"
DBREALTY,EQ,D B REALTY LIMITED,10,"-"
DHANI,EQ,DHANI SERVICES LIMITED,10,"-"
DHANIPP,E1,DHANI SERVICES LIMITED,10,"-"
DHUNINV,EQ,DHUNSERI INVESTMENTS LIMITED,10,"-"
DNAMEDIA,EQ,DILIGENT MEDIA CORPORATION LIMITED,10,"GSM Stage - 0"
DPSCLTD,EQ,DPSC LIMITED,10,"-"
DRCSYSTEMS,EQ,DRC SYSTEMS INDIA LIMITED,10,"GSM Stage - 0"
DSSL,EQ,DYNACONS SYSTEMS & SOLUTIONS LIMITED,10,"-"
DTIL,EQ,DHUNSERI TEA & INDUSTRIES LIMITED,10,"-"
EBANK,EQ,EDELWEISS ETF - NIFTY BANK,10,"-"
ELECTHERM,EQ,ELECTROTHERM (INDIA) LIMITED,10,"-"
EQUITAS,EQ,EQUITAS HOLDINGS LIMITED,10,"-"
ESSARSHPNG,EQ,ESSAR SHIPPING LIMITED,10,"-"
FEL,EQ,FUTURE ENTERPRISES LIMITED,10,"-"
FIEMIND,EQ,FIEM INDUSTRIES LIMITED,10,"-"
FLFL,EQ,FUTURE LIFESTYLE FASHIONS LIMITED,10,"-"
FRETAIL,EQ,FUTURE RETAIL LIMITED,10,"-"
FSC,EQ,FUTURE SUPPLY CHAIN SOLUTIONS LIMITED,10,"-"
GAL,EQ,GYSCOAL ALLOYS LIMITED,10,"GSM Stage - 0"
GANESHHOUC,EQ,GANESH HOUSING CORPORATION LIMITED,10,"-"
GINNIFILA,EQ,GINNI FILAMENTS LIMITED,10,"-"
GLFL,EQ,GUJARAT LEASE FINANCING LIMITED,10,"GSM Stage - 0"
GLOBAL,EQ,GLOBAL EDUCATION LIMITED,10,"-"
GOACARBON,EQ,GOA CARBON LIMITED,10,"-"
GOKULAGRO,EQ,GOKUL AGRO RESOURCES LIMITED,10,"-"
GROBTEA,EQ,THE GROB TEA COMPANY LIMITED,10,"-"
HAPPSTMNDS,EQ,HAPPIEST MINDS TECHNOLOGIES LIMITED,10,"-"
HINDMOTORS,EQ,HINDUSTAN MOTORS LIMITED,10,"-"
HINDOILEXP,EQ,HINDUSTAN OIL EXPLORATION COMPANY LIMITED,10,"-"
HITECHCORP,EQ,HITECH CORPORATION LIMITED,10,"-"
HLVLTD,EQ,HLV LIMITED,10,"-"
IIFLSEC,EQ,IIFL SECURITIES LIMITED,10,"-"
IMAGICAA,EQ,IMAGICAAWORLD ENTERTAINMENT LIMITED,10,"-"
INDBANK,EQ,INDBANK MERCHANT BANKING SERVICES LIMITED,10,"-"
INDSWFTLAB,EQ,IND-SWIFT LABORATORIES LIMITED,10,"-"
INDTERRAIN,EQ,INDIAN TERRAIN FASHIONS LIMITED,10,"-"
ISFT,EQ,INTRASOFT TECHNOLOGIES LIMITED,10,"-"
JASH,EQ,JASH ENGINEERING LIMITED,10,"-"
JINDALPHOT,EQ,JINDAL PHOTO LIMITED,10,"-"
JINDRILL,EQ,JINDAL DRILLING AND INDUSTRIES LIMITED,10,"-"
JISLJALEQS,EQ,JAIN IRRIGATION SYSTEMS LIMITED,10,"-"
JOCIL,EQ,JOCIL LIMITED,10,"-"
KAMATHOTEL,EQ,KAMAT HOTELS (I) LIMITED,10,"-"
KANPRPLA,EQ,KANPUR PLASTIPACK LIMITED,10,"-"
KAYA,EQ,KAYA LIMITED,10,"-"
KDDL,EQ,KDDL LIMITED,10,"-"
KECL,EQ,KIRLOSKAR ELECTRIC COMPANY LIMITED,10,"-"
KEYFINSERV,EQ,KEYNOTE FINANCIAL SERVICES LIMITED,10,"-"
KHADIM,EQ,KHADIM INDIA LIMITED,10,"-"
KIOCL,EQ,KIOCL LIMITED,10,"-"
KITEX,EQ,KITEX GARMENTS LIMITED,10,"-"
KOTARISUG,EQ,KOTHARI SUGARS AND CHEMICALS LIMITED,10,"-"
KOTHARIPET,EQ,KOTHARI PETROCHEMICALS LIMITED,10,"-"
KSHITIJPOL,SM,KSHITIJ POLYLINE LIMITED,10,"-"
LCCINFOTEC,EQ,LCC INFOTECH LIMITED,10,"-"
LINCPEN,EQ,LINC PEN & PLASTICS LIMITED,10,"-"
LOKESHMACH,EQ,LOKESH MACHINES LIMITED,10,"-"
LOVABLE,EQ,LOVABLE LINGERIE LIMITED,10,"-"
LUXIND,EQ,LUX INDUSTRIES LIMITED,10,"-"
LXCHEM,EQ,LAXMI ORGANIC INDUSTRIES LIMITED,10,"-"
MACPOWER,EQ,MACPOWER CNC MACHINES LIMITED,10,"-"
MAJESCO,EQ,MAJESCO LIMITED,10,"-"
MANAKALUCO,EQ,MANAKSIA ALUMINIUM COMPANY LIMITED,10,"-"
MANAKCOAT,EQ,MANAKSIA COATED METALS & INDUSTRIES LIMITED,10,"-"
MARATHON,EQ,MARATHON NEXTGEN REALTY LIMITED,10,"-"
MARSHALL,SM,MARSHALL MACHINES LIMITED,10,"-"
MBLINFRA,EQ,MBL INFRASTRUCTURES LIMITED,10,"-"
MCDHOLDING,EQ,MCDOWELL HOLDINGS LIMITED,10,"-"
MEP,EQ,MEP INFRASTRUCTURE DEVELOPERS LIMITED,10,"-"
MITTAL,EQ,MITTAL LIFE STYLE LIMITED,10,"-"
MOTOGENFIN,EQ,THE MOTOR & GENERAL FINANCE LIMITED,10,"-"
MTEDUCARE,EQ,MT EDUCARE LIMITED,10,"-"
MTNL,EQ,MAHANAGAR TELEPHONE NIGAM LIMITED,10,"-"
NACLIND,EQ,NACL INDUSTRIES LIMITED,10,"-"
NAHARPOLY,EQ,NAHAR POLY FILMS LIMITED,10,"-"
NDTV,EQ,NEW DELHI TELEVISION LIMITED,10,"-"
NEXTMEDIA,EQ,NEXT MEDIAWORKS LIMITED,10,"GSM Stage - 0"
NGIL,EQ,NAKODA GROUP OF INDUSTRIES,10,"-"
NIBL,EQ,NRB INDUSTRIAL BEARINGS LIMITED,10,"-"
NILAINFRA,EQ,NILA INFRASTRUCTURES LIMITED,10,"-"
NITIRAJ,EQ,NITIRAJ ENGINEERS LIMITED,10,"-"
NORBTEAEXP,EQ,NORBEN TEA & EXPORTS LIMITED,10,"-"
ONWARDTEC,EQ,ONWARD TECHNOLOGIES LIMITED,10,"-"
ORTINLAB,EQ,ORTIN LABORATORIES LIMITED,10,"-"
PALASHSECU,EQ,PALASH SECURITIES LIMITED,10,"-"
PANACEABIO,EQ,PANACEA BIOTEC LIMITED,10,"-"
PAR,SM,PAR DRUGS AND CHEMICALS LIMITED,10,"-"
PFOCUS,EQ,PRIME FOCUS LIMITED,10,"-"
PGEL,EQ,PG ELECTROPLAST LIMITED,10,"-"
PNBGILTS,EQ,PNB GILTS LTD.,10,"-"
PNC,EQ,PRITISH NANDY COMMUNICATIONS LIMITED,10,"-"
PROZONINTU,EQ,PROZONE INTU PROPERTIES LIMITED,10,"-"
REDINGTON,EQ,REDINGTON (INDIA) LIMITED,10,"-"
REVATHI,EQ,REVATHI EQUIPMENT LIMITED,10,"-"
RIIL,EQ,RELIANCE INDUSTRIAL INFRASTRUCTURE LIMITED,10,"-"
ROLLT,EQ,ROLLATAINERS LIMITED,10,"-"
RPPL,SM,RAJSHREEPOLYPACK LIMITED,10,"-"
RSSOFTWARE,EQ,R. S. SOFTWARE (INDIA) LIMITED,10,"-"
RUCHI,EQ,RUCHI SOYA INDUSTRIES LIMITED,10,"-"
RUPA,EQ,RUPA & COMPANY LIMITED,10,"-"
SANCO,EQ,SANCO INDUSTRIES LIMITED,10,"-"
SANGINITA,EQ,SANGINITA CHEMICALS LIMITED,10,"-"
SBCL,EQ,SHIVALIK BIMETAL CONTROLS LIMITED,10,"-"
SETCO,EQ,SETCO AUTOMOTIVE LIMITED,10,"-"
SGIL,EQ,SYNERGY GREEN INDUSTRIES LIMITED,10,"-"
SHEMAROO,EQ,SHEMAROO ENTERTAINMENT LIMITED,10,"-"
SHIVAMAUTO,EQ,SHIVAM AUTOTECH LIMITED,10,"-"
SHRENIK,EQ,SHRENIK LIMITED,10,"-"
SICAL,EQ,SICAL LOGISTICS LIMITED,10,"-"
SILLYMONKS,EQ,SILLY MONKS ENTERTAINMENT LIMITED,10,"-"
SINTEX,EQ,SINTEX INDUSTRIES LIMITED,10,"-"
SOMATEX,EQ,SOMA TEXTILES & INDUSTRIES LIMITED,10,"GSM Stage - 0"
SOMICONVEY,EQ,SOMI CONVEYOR BELTINGS LIMITED,10,"-"
SORILINFRA,EQ,SORIL INFRA RESOURCES LIMITED,10,"-"
S&SPOWER,EQ,S&S POWER SWITCHGEARS LIMITED,10,"GSM Stage - 0"
SUPREMEENG,EQ,SUPREME ENGINEERING LIMITED,10,"-"
SURANAT&P,EQ,SURANA TELECOM AND POWER LIMITED,10,"-"
SUVIDHAA,EQ,SUVIDHAA INFOSERVE LIMITED,10,"-"
TCI,EQ,TRANSPORT CORPORATION OF INDIA LIMITED,10,"-"
TCIDEVELOP,EQ,TCI DEVELOPERS LIMITED,10,"-"
TECHIN,EQ,TECHINDIA NIRMAN LIMITED,10,"-"
TEMBO,EQ,TEMBO GLOBAL INDUSTRIES LIMITED,10,"-"
TGBHOTELS,EQ,TGB BANQUETS AND HOTELS LIMITED,10,"-"
THEMISMED,EQ,THEMIS MEDICARE LIMITED,10,"-"
THOMASCOOK,EQ,THOMAS COOK  (INDIA)  LIMITED,10,"-"
TIL,EQ,TIL LIMITED,10,"-"
TIMESGTY,EQ,TIMES GUARANTY LIMITED,10,"-"
TMRVL,EQ,THE MANDHANA RETAIL VENTURES LIMITED,10,"-"
TTL,EQ,T T LIMITED,10,"-"
UJAAS,EQ,UJAAS ENERGY LIMITED,10,"-"
UMESLTD,EQ,USHA MARTIN EDUCATION & SOLUTIONS LIMITED,10,"GSM Stage - 0"
UNIVASTU,EQ,UNIVASTU INDIA LIMITED,10,"-"
UNIVPHOTO,EQ,UNIVERSUS PHOTO IMAGINGS LIMITED,10,"-"
V2RETAIL,EQ,V2 RETAIL LIMITED,10,"-"
VASWANI,EQ,VASWANI INDUSTRIES LIMITED,10,"-"
VHL,EQ,VARDHMAN HOLDINGS LIMITED,10,"-"
VIVIMEDLAB,EQ,VIVIMED LABS LIMITED,10,"-"
VLSFINANCE,EQ,VLS FINANCE LIMITED,10,"-"
WEBELSOLAR,EQ,WEBSOL ENERGY SYSTEM LIMITED,10,"-"
WELINV,EQ,WELSPUN INVESTMENTS AND COMMERCIALS LIMITED,10,"-"
WHEELS,EQ,WHEELS INDIA LIMITED,10,"-"
WILLAMAGOR,EQ,WILLIAMSON MAGOR & COMPANY LIMITED,10,"-"
XCHANGING,EQ,XCHANGING SOLUTIONS LIMITED,10,"-"
ZENITHEXPO,EQ,ZENITH EXPORTS LIMITED,10,"-"
ZODJRDMKJ,EQ,ZODIAC JRD- MKJ LIMITED,10,"-"
ZOTA,EQ,ZOTA HEALTH CARE LIMITED,10,"-"
20MICRONS,EQ,20 MICRONS LIMITED,20,"-"
3MINDIA,EQ,3M INDIA LIMITED,20,"-"
AAATECH,SM,AAA TECHNOLOGIES LIMITED,20,"-"
AAREYDRUGS,EQ,AAREY DRUGS & PHARMACEUTICALS LIMITED,20,"-"
AARTIDRUGS,EQ,AARTI DRUGS LIMITED,20,"-"
AARTISURF,EQ,AARTI SURFACTANTS LIMITED,20,"-"
AARVI,EQ,AARVI ENCON LIMITED,20,"-"
AAVAS,EQ,AAVAS FINANCIERS LIMITED,20,"-"
ABB,EQ,ABB INDIA LIMITED,20,"-"
ABBOTINDIA,EQ,ABBOTT INDIA LIMITED,20,"-"
ABCAPITAL,EQ,ADITYA BIRLA CAPITAL LIMITED,20,"-"
ABNINT,IT,A B N INTERCORP LIMITED,20,"-"
ABSLBANETF,EQ,ADITYA BIRLA SUN LIFE MUTUAL FUND - ADITYA BIRLA SUN LIFE BANKING ETF,20,"-"
ABSLNN50ET,EQ,ADITYA BIRLA SUN LIFE NIFTY NEXT 50 ETF,20,"-"
ACCELYA,EQ,ACCELYA SOLUTIONS INDIA LIMITED,20,"-"
ACCURACY,EQ,ACCURACY SHIPPING LIMITED,20,"-"
ACE,EQ,ACTION CONSTRUCTION EQUIPMENT LIMITED,20,"-"
ADFFOODS,EQ,ADF FOODS LIMITED,20,"-"
ADORWELD,EQ,ADOR WELDING LIMITED,20,"-"
ADVANIHOTR,EQ,ADVANI HOTELS & RESORTS (INDIA) LIMITED,20,"-"
ADVENZYMES,EQ,ADVANCED ENZYME TECHNOLOGIES LIMITED,20,"-"
AEGISCHEM,EQ,AEGIS LOGISTICS LIMITED,20,"-"
AHIMSA,SM,AHIMSA INDUSTRIES LIMITED,20,"-"
AHLEAST,EQ,ASIAN HOTELS (EAST) LIMITED,20,"-"
AHLUCONT,EQ,AHLUWALIA CONTRACTS (INDIA) LIMITED,20,"-"
AHLWEST,EQ,ASIAN HOTELS (WEST) LIMITED,20,"-"
AIAENG,EQ,AIA ENGINEERING LIMITED,20,"-"
AIROLAM,SM,AIRO LAM LIMITED,20,"-"
AISL,SM,ANI INTEGRATED SERVICES LIMITED,20,"-"
AJANTPHARM,EQ,AJANTA PHARMA LIMITED,20,"-"
AKASH,EQ,AKASH INFRA PROJECTS LIMITED,20,"-"
AKSHARCHEM,EQ,AKSHARCHEM INDIA LIMITED,20,"-"
AKZOINDIA,EQ,AKZO NOBEL INDIA LIMITED,20,"-"
ALANKIT,EQ,ALANKIT LIMITED,20,"-"
ALBERTDAVD,EQ,ALBERT DAVID LIMITED,20,"-"
ALEMBICLTD,EQ,ALEMBIC LIMITED,20,"-"
ALICON,EQ,ALICON CASTALLOY LIMITED,20,"-"
ALKALI,EQ,ALKALI METALS LIMITED,20,"-"
ALKYLAMINE,EQ,ALKYL AMINES CHEMICALS LIMITED,20,"-"
ALLCARGO,EQ,ALLCARGO LOGISTICS LIMITED,20,"-"
ALLSEC,EQ,ALLSEC TECHNOLOGIES LIMITED,20,"-"
ALOKINDS,EQ,ALOK INDUSTRIES LIMITED,20,"-"
ALPHAGEO,EQ,ALPHAGEO (INDIA) LIMITED,20,"-"
AMBER,EQ,AMBER ENTERPRISES INDIA LIMITED,20,"-"
AMBIKCO,EQ,AMBIKA COTTON MILLS LIMITED,20,"-"
AMJLAND,EQ,AMJ LAND HOLDINGS LIMITED,20,"-"
AMRUTANJAN,EQ,AMRUTANJAN HEALTH CARE LIMITED,20,"-"
ANDHRAPAP,EQ,ANDHRA PAPER LIMITED,20,"-"
ANDREWYU,EQ,ANDREW YULE & COMPANY LIMITED,20,"-"
ANMOL,EQ,ANMOL INDIA LIMITED,20,"-"
ANUP,EQ,THE ANUP ENGINEERING LIMITED,20,"-"
ANURAS,EQ,ANUPAM RASAYAN INDIA LIMITED,20,"-"
APARINDS,EQ,APAR INDUSTRIES LIMITED,20,"-"
APCL,EQ,ANJANI PORTLAND CEMENT LIMITED,20,"-"
APCOTEXIND,EQ,APCOTEX INDUSTRIES LIMITED,20,"-"
APEX,EQ,APEX FROZEN FOODS LIMITED,20,"-"
APLAPOLLO,EQ,APL APOLLO TUBES LIMITED,20,"-"
APOLLO,EQ,APOLLO MICRO SYSTEMS LIMITED,20,"-"
APOLLOPIPE,EQ,APOLLO PIPES LIMITED,20,"-"
APOLSINHOT,EQ,APOLLO SINDOORI HOTELS LIMITED,20,"-"
APTECHT,EQ,APTECH LIMITED,20,"-"
ARIES,EQ,ARIES AGRO LIMITED,20,"-"
ARIHANTCAP,EQ,ARIHANT CAPITAL MARKETS LIMITED,20,"-"
ARMANFIN,EQ,ARMAN FINANCIAL SERVICES LIMITED,20,"-"
AROGRANITE,EQ,ARO GRANITE INDUSTRIES LIMITED,20,"-"
ARVIND,EQ,ARVIND LIMITED,20,"-"
ARVINDFASN,EQ,ARVIND FASHIONS LIMITED,20,"-"
ARVSMART,EQ,ARVIND SMARTSPACES LIMITED,20,"-"
ASAHIINDIA,EQ,ASAHI INDIA GLASS LIMITED,20,"-"
ASAHISONG,EQ,ASAHI SONGWON COLORS LIMITED,20,"-"
ASALCBR,EQ,ASSOCIATED ALCOHOLS & BREWERIES LTD.,20,"-"
ASCOM,SM,ASCOM LEASING & INVESTMENTS LIMITED,20,"-"
ASHIANA,EQ,ASHIANA HOUSING LIMITED,20,"-"
ASHOKA,EQ,ASHOKA BUILDCON LIMITED,20,"-"
ASIANHOTNR,EQ,ASIAN HOTELS (NORTH) LIMITED,20,"-"
ASIANTILES,EQ,ASIAN GRANITO INDIA LIMITED,20,"-"
ASPINWALL,EQ,ASPINWALL AND COMPANY LIMITED,20,"-"
ASTEC,EQ,ASTEC LIFESCIENCES LIMITED,20,"-"
ASTERDM,EQ,ASTER DM HEALTHCARE LIMITED,20,"-"
ASTRAMICRO,EQ,ASTRA MICROWAVE PRODUCTS LIMITED,20,"-"
ASTRAZEN,EQ,ASTRAZENECA PHARMA INDIA LIMITED,20,"-"
ASTRON,EQ,ASTRON PAPER & BOARD MILL LIMITED,20,"-"
ATFL,EQ,AGRO TECH FOODS LIMITED,20,"-"
ATUL,EQ,ATUL LIMITED,20,"-"
ATULAUTO,EQ,ATUL AUTO LIMITED,20,"-"
AUTOAXLES,EQ,AUTOMOTIVE AXLES LIMITED,20,"-"
AVANTIFEED,EQ,AVANTI FEEDS LIMITED,20,"-"
AVTNPL,EQ,AVT NATURAL PRODUCTS LIMITED,20,"-"
AWHCL,EQ,ANTONY WASTE HANDLING CELL LIMITED,20,"-"
AXISBNKETF,EQ,AXIS MUTUAL FUND - AXIS BANKING ETF,20,"-"
AXISBPSETF,EQ,AXIS MUTUAL FUND - AXIS AAA BOND PLUS SDL ETF - 2026 MATURITY,20,"-"
AXISGOLD,EQ,AXIS MUTUAL FUND - AXIS GOLD ETF,20,"-"
AXISHCETF,EQ,AXIS MUTUAL FUND  - AXIS HEALTHCARE ETF,20,"-"
AXISNIFTY,EQ,AXIS MUTUAL FUND - AXIS NIFTY ETF,20,"-"
AXISTECETF,EQ,AXIS MUTUAL FUND - AXIS TECHNOLOGY ETF,20,"-"
BAJAJCON,EQ,BAJAJ CONSUMER CARE LIMITED,20,"-"
BAJAJELEC,EQ,BAJAJ ELECTRICALS LIMITED,20,"-"
BAJAJHLDNG,EQ,BAJAJ HOLDINGS & INVESTMENT LIMITED,20,"-"
BALAJITELE,EQ,BALAJI TELEFILMS LIMITED,20,"-"
BALAMINES,EQ,BALAJI AMINES LIMITED,20,"-"
BALMLAWRIE,EQ,BALMER LAWRIE & COMPANY LIMITED,20,"-"
BALRAMCHIN,EQ,BALRAMPUR CHINI MILLS LIMITED,20,"-"
BANARISUG,EQ,BANNARI AMMAN SUGARS LIMITED,20,"-"
BANCOINDIA,EQ,BANCO PRODUCTS (I) LIMITED,20,"-"
BANKA,EQ,BANKA BIOLOO LIMITED,20,"-"
BANKBEES,EQ,NIPPON INDIA ETF BANK BEES,20,"-"
BANKINDIA,EQ,BANK OF INDIA,20,"-"
BARBEQUE,EQ,BARBEQUE NATION HOSPITALITY LIMITED,20,"-"
BASF,EQ,BASF INDIA LIMITED,20,"-"
BAYERCROP,EQ,BAYER CROPSCIENCE LIMITED,20,"-"
BBL,EQ,BHARAT BIJLEE LIMITED,20,"-"
BBTC,EQ,BOMBAY BURMAH TRADING CORPORATION LIMITED,20,"-"
BCLIND,EQ,BCL INDUSTRIES LIMITED,20,"-"
BDL,EQ,BHARAT DYNAMICS LIMITED,20,"-"
BECTORFOOD,EQ,MRS. BECTORS FOOD SPECIALITIES LIMITED,20,"-"
BEML,EQ,BEML LIMITED,20,"-"
BEPL,EQ,BHANSALI ENGINEERING POLYMERS LIMITED,20,"-"
BFINVEST,EQ,BF INVESTMENT LIMITED,20,"-"
BGRENERGY,EQ,BGR ENERGY SYSTEMS LIMITED,20,"-"
BHAGERIA,EQ,BHAGERIA INDUSTRIES LIMITED,20,"-"
BHAGYANGR,EQ,BHAGYANAGAR INDIA LIMITED,20,"-"
BHAGYAPROP,EQ,BHAGYANAGAR PROPERTIES LIMITED,20,"-"
BHALCHANDR,IT,BHALCHANDRAM CLOTHING LIMITED,20,"-"
BHARATGEAR,EQ,BHARAT GEARS LIMITED,20,"-"
BHARATRAS,EQ,BHARAT RASAYAN LIMITED,20,"-"
BINDALAGRO,EQ,OSWAL CHEMICALS & FERTILIZERS LIMITED,20,"-"
BIRET,RR,BROOKFIELD INDIA REAL ESTATE TRUST,20,"-"
BIRLACORPN,EQ,BIRLA CORPORATION LIMITED,20,"-"
BLISSGVS,EQ,BLISS GVS PHARMA LIMITED,20,"-"
BLS,EQ,BLS INTERNATIONAL SERVICES LIMITED,20,"-"
BLUEDART,EQ,BLUE DART EXPRESS LIMITED,20,"-"
BLUESTARCO,EQ,BLUE STAR LIMITED,20,"-"
BODALCHEM,EQ,BODAL CHEMICALS LIMITED,20,"-"
BOMDYEING,EQ,BOMBAY DYEING & MFG COMPANY LIMITED,20,"-"
BOROLTD,EQ,BOROSIL LIMITED,20,"-"
BRIGADE,EQ,BRIGADE ENTERPRISES LIMITED,20,"-"
BRNL,EQ,BHARAT ROAD NETWORK LIMITED,20,"-"
BSE,EQ,BSE LIMITED,20,"-"
BSLGOLDETF,EQ,ADITYA BIRLA SUN LIFE GOLD ETF - GROWTH,20,"-"
BSLNIFTY,EQ,ADITYA BIRLA SUN LIFE NIFTY ETF - GROWTH,20,"-"
BSOFT,EQ,BIRLASOFT LIMITED,20,"-"
BTML,SM,BODHI TREE MULTIMEDIA LIMITED,20,"-"
BURGERKING,EQ,BURGER KING INDIA LIMITED,20,"-"
CAMLINFINE,EQ,CAMLIN FINE SCIENCES LIMITED,20,"-"
CAMS,EQ,COMPUTER AGE MANAGEMENT SERVICES LIMITED,20,"-"
CANFINHOME,EQ,CAN FIN HOMES LIMITED,20,"-"
CANTABIL,EQ,CANTABIL RETAIL INDIA LIMITED,20,"-"
CAPACITE,EQ,CAPACIT'E INFRAPROJECTS LIMITED,20,"-"
CAPLIPOINT,EQ,CAPLIN POINT LABORATORIES LIMITED,20,"-"
CARBORUNIV,EQ,CARBORUNDUM UNIVERSAL LIMITED,20,"-"
CAREERP,EQ,CAREER POINT LIMITED,20,"-"
CARERATING,EQ,CARE RATINGS LIMITED,20,"-"
CARTRADE,EQ,CARTRADE TECH LIMITED,20,"-"
CASTROLIND,EQ,CASTROL INDIA LIMITED,20,"-"
CCL,EQ,CCL PRODUCTS (INDIA) LIMITED,20,"-"
CEATLTD,EQ,CEAT LIMITED,20,"-"
CENTENKA,EQ,CENTURY ENKA LIMITED,20,"-"
CENTRALBK,EQ,CENTRAL BANK OF INDIA,20,"-"
CENTRUM,EQ,CENTRUM CAPITAL LIMITED,20,"-"
CENTUM,EQ,CENTUM ELECTRONICS LIMITED,20,"-"
CENTURYPLY,EQ,CENTURY PLYBOARDS (INDIA) LIMITED,20,"-"
CENTURYTEX,EQ,CENTURY TEXTILES & INDUSTRIES LIMITED,20,"-"
CERA,EQ,CERA SANITARYWARE LIMITED,20,"-"
CEREBRAINT,EQ,CEREBRA INTEGRATED TECHNOLOGIES LIMITED,20,"-"
CESC,EQ,CESC LIMITED,20,"-"
CGCL,EQ,CAPRI GLOBAL CAPITAL LIMITED,20,"-"
CHALET,EQ,CHALET HOTELS LIMITED,20,"-"
CHAMBLFERT,EQ,CHAMBAL FERTILIZERS & CHEMICALS LIMITED,20,"-"
CHEMBOND,EQ,CHEMBOND CHEMICALS LTD,20,"-"
CHEMCON,EQ,CHEMCON SPECIALITY CHEMICALS LIMITED,20,"-"
CHEMFAB,EQ,CHEMFAB ALKALIS LIMITED,20,"-"
CHENNPETRO,EQ,CHENNAI PETROLEUM CORPORATION LIMITED,20,"-"
CHOLAHLDNG,EQ,CHOLAMANDALAM FINANCIAL HOLDINGS LIMITED,20,"-"
CIGNITITEC,EQ,CIGNITI TECHNOLOGIES LIMITED,20,"-"
CLEAN,EQ,CLEAN SCIENCE AND TECHNOLOGY LIMITED,20,"-"
CLNINDIA,EQ,CLARIANT CHEMICALS (INDIA) LIMITED,20,"-"
CLSEL,EQ,CHAMAN LAL SETIA EXPORTS LIMITED,20,"-"
CMICABLES,EQ,CMI LIMITED,20,"-"
COCHINSHIP,EQ,COCHIN SHIPYARD LIMITED,20,"-"
COMPINFO,EQ,COMPUAGE INFOCOM LIMITED,20,"-"
CONFIPET,EQ,CONFIDENCE PETROLEUM INDIA LIMITED,20,"-"
CONTROLPR,EQ,CONTROL PRINT LIMITED,20,"-"
CORALFINAC,EQ,CORAL INDIA FINANCE & HOUSING LIMITED,20,"-"
CORDSCABLE,EQ,CORDS CABLE INDUSTRIES LIMITED,20,"-"
COSMOFILMS,EQ,COSMO FILMS LIMITED,20,"-"
CPSEETF,EQ,CPSE ETF,20,"-"
CRAFTSMAN,EQ,CRAFTSMAN AUTOMATION LIMITED,20,"-"
CREDITACC,EQ,CREDITACCESS GRAMEEN LIMITED,20,"-"
CRISIL,EQ,CRISIL LIMITED,20,"-"
CROMPTON,EQ,CROMPTON GREAVES CONSUMER ELECTRICALS LIMITED,20,"-"
CSBBANK,EQ,CSB BANK LIMITED,20,"-"
CUPID,EQ,CUPID LIMITED,20,"-"
CYBERTECH,EQ,CYBERTECH SYSTEMS AND SOFTWARE LIMITED,20,"-"
CYIENT,EQ,CYIENT LIMITED,20,"-"
DAAWAT,EQ,LT FOODS LIMITED,20,"-"
DALBHARAT,EQ,DALMIA BHARAT LIMITED,20,"-"
DALMIASUG,EQ,DALMIA BHARAT SUGAR AND INDUSTRIES LIMITED,20,"-"
DBCORP,EQ,D.B.CORP LIMITED,20,"-"
DBL,EQ,DILIP BUILDCON LIMITED,20,"-"
DCAL,EQ,DISHMAN CARBOGEN AMCIS LIMITED,20,"-"
DCBBANK,EQ,DCB BANK LIMITED,20,"-"
DCI,SM,DC INFOTECH AND COMMUNICATION LIMITED,20,"-"
DCMSHRIRAM,EQ,DCM SHRIRAM LIMITED,20,"-"
DCW,EQ,DCW LIMITED,20,"-"
DECCANCE,EQ,DECCAN CEMENTS LIMITED,20,"-"
DEEPINDS,EQ,DEEP INDUSTRIES LIMITED,20,"-"
DELTACORP,EQ,DELTA CORP LIMITED,20,"-"
DEN,EQ,DEN NETWORKS LIMITED,20,"-"
DENORA,EQ,DE NORA INDIA LIMITED,20,"-"
DEVIT,SM,DEV INFORMATION TECHNOLOGY LIMITED,20,"-"
DEVYANI,EQ,DEVYANI INTERNATIONAL LIMITED,20,"-"
DFMFOODS,EQ,DFM FOODS LIMITED,20,"-"
DHANBANK,EQ,DHANLAXMI BANK LIMITED,20,"-"
DHANUKA,EQ,DHANUKA AGRITECH LIMITED,20,"-"
DIAMONDYD,EQ,PRATAAP SNACKS LIMITED,20,"-"
DICIND,EQ,DIC INDIA LIMITED,20,"-"
DISHTV,EQ,DISH TV INDIA LIMITED,20,"-"
DIXON,EQ,DIXON TECHNOLOGIES (INDIA) LIMITED,20,"-"
DLINKINDIA,EQ,D-LINK (INDIA) LIMITED,20,"-"
DMART,EQ,AVENUE SUPERMARTS LIMITED,20,"-"
DODLA,EQ,DODLA DAIRY LIMITED,20,"-"
DOLAT,EQ,DOLAT INVESTMENTS LIMITED,20,"-"
DOLLAR,EQ,DOLLAR INDUSTRIES LIMITED,20,"-"
DONEAR,EQ,DONEAR INDUSTRIES LIMITED,20,"-"
DPABHUSHAN,EQ,D. P. ABHUSHAN LIMITED,20,"-"
DREDGECORP,EQ,DREDGING CORPORATION OF INDIA LIMITED,20,"-"
DRSDILIP,SM,DRS DILIP ROADLINES LIMITED,20,"-"
DVL,EQ,DHUNSERI VENTURES LIMITED,20,"-"
DWARKESH,EQ,DWARIKESH SUGAR INDUSTRIES LIMITED,20,"-"
DYNAMATECH,EQ,DYNAMATIC TECHNOLOGIES LIMITED,20,"-"
DYNPRO,EQ,DYNEMIC PRODUCTS LIMITED,20,"-"
EASEMYTRIP,EQ,EASY TRIP PLANNERS LIMITED,20,"-"
EBBETF0423,EQ,EDELWEISS MUTUAL FUND - BHARAT BOND  ETF - APRIL 2023,20,"-"
EBBETF0425,EQ,EDELWEISS MUTUAL FUND - BHARAT BOND ETF - APRIL 2025,20,"-"
EBBETF0430,EQ,EDELWEISS MUTUAL FUND - BHARAT BOND  ETF - APRIL 2030,20,"-"
EBBETF0431,EQ,EDELWEISS MUTUAL FUND - BHARAT BOND ETF - APRIL 2031,20,"-"
EBIXFOREX,EQ,EBIXCASH WORLD MONEY INDIA LIMITED,20,"-"
EDELWEISS,EQ,EDELWEISS FINANCIAL SERVICES LIMITED,20,"-"
EIDPARRY,EQ,EID PARRY INDIA LIMITED,20,"-"
EIHAHOTELS,EQ,EIH ASSOCIATED HOTELS LIMITED,20,"-"
EIHOTEL,EQ,EIH LIMITED,20,"-"
EIMCOELECO,EQ,EIMCO ELECON (INDIA) LIMITED,20,"-"
ELECON,EQ,ELECON ENGINEERING COMPANY LIMITED,20,"-"
ELECTCAST,EQ,ELECTROSTEEL CASTINGS LIMITED,20,"-"
ELECTCAST,W1,ELECTROSTEEL CASTINGS LIMITED,20,"-"
ELGIEQUIP,EQ,ELGI EQUIPMENTS LIMITED,20,"-"
ELGIRUBCO,EQ,ELGI RUBBER COMPANY LIMITED,20,"-"
EMAMILTD,EQ,EMAMI LIMITED,20,"-"
EMAMIPAP,EQ,EMAMI PAPER MILLS LIMITED,20,"-"
EMBASSY,RR,EMBASSY OFFICE PARKS REIT,20,"-"
EMKAY,EQ,EMKAY GLOBAL FINANCIAL SERVICES LIMITED,20,"-"
EMMBI,EQ,EMMBI INDUSTRIES LIMITED,20,"-"
ENDURANCE,EQ,ENDURANCE TECHNOLOGIES LIMITED,20,"-"
ENGINERSIN,EQ,ENGINEERS INDIA LIMITED,20,"-"
ENIL,EQ,ENTERTAINMENT NETWORK (INDIA) LIMITED,20,"-"
EPL,EQ,EPL LIMITED,20,"-"
EQ30,EQ,EDELWEISS ETF - NIFTY 100 QUALITY 30,20,"-"
EQUITASBNK,EQ,EQUITAS SMALL FINANCE BANK LIMITED,20,"-"
ERIS,EQ,ERIS LIFESCIENCES LIMITED,20,"-"
ESABINDIA,EQ,ESAB INDIA LIMITED,20,"-"
ESTER,EQ,ESTER INDUSTRIES LIMITED,20,"-"
EVEREADY,EQ,EVEREADY INDUSTRIES INDIA LIMITED,20,"-"
EVERESTIND,EQ,EVEREST INDUSTRIES LIMITED,20,"-"
EXCELINDUS,EQ,EXCEL INDUSTRIES LIMITED,20,"-"
FACT,EQ,FERTILIZERS AND CHEMICALS TRAVANCORE LIMITED,20,"-"
FCL,EQ,FINEOTEX CHEMICAL LIMITED,20,"-"
FCONSUMER,EQ,FUTURE CONSUMER LIMITED,20,"-"
FDC,EQ,FDC LIMITED,20,"-"
FILATEX,EQ,FILATEX INDIA LIMITED,20,"-"
FINCABLES,EQ,FINOLEX CABLES LIMITED,20,"-"
FINEORG,EQ,FINE ORGANIC INDUSTRIES LIMITED,20,"-"
FINPIPE,EQ,FINOLEX INDUSTRIES LIMITED,20,"-"
FLUOROCHEM,EQ,GUJARAT FLUOROCHEMICALS LIMITED,20,"-"
FMGOETZE,EQ,FEDERAL-MOGUL GOETZE (INDIA) LIMITED.,20,"-"
FORCEMOT,EQ,FORCE MOTORS LTD,20,"-"
FORTIS,EQ,FORTIS HEALTHCARE LIMITED,20,"-"
FOSECOIND,EQ,FOSECO INDIA LIMITED,20,"-"
FSL,EQ,FIRSTSOURCE SOLUTIONS LIMITED,20,"-"
GABRIEL,EQ,GABRIEL INDIA LIMITED,20,"-"
GAEL,EQ,GUJARAT AMBUJA EXPORTS LIMITED,20,"-"
GALAXYSURF,EQ,GALAXY SURFACTANTS LIMITED,20,"-"
GALLANTT,EQ,GALLANTT METAL LIMITED,20,"-"
GALLISPAT,EQ,GALLANTT ISPAT LIMITED,20,"-"
GANDHITUBE,EQ,GANDHI SPECIAL TUBES LIMITED,20,"-"
GANECOS,EQ,GANESHA ECOSPHERE LIMITED,20,"-"
GANGESSECU,EQ,GANGES SECURITIES LIMITED,20,"-"
GARFIBRES,EQ,GARWARE TECHNICAL FIBRES LIMITED,20,"-"
GATI,EQ,GATI LIMITED,20,"-"
GAYAPROJ,EQ,GAYATRI PROJECTS LIMITED,20,"-"
GEECEE,EQ,GEECEE VENTURES LIMITED,20,"-"
GEEKAYWIRE,EQ,GEEKAY WIRES LIMITED,20,"-"
GENCON,EQ,GENERIC ENGINEERING CONSTRUCTION AND PROJECTS LIMITED,20,"-"
GENUSPOWER,EQ,GENUS POWER INFRASTRUCTURES LIMITED,20,"-"
GEOJITFSL,EQ,GEOJIT FINANCIAL SERVICES LIMITED,20,"-"
GEPIL,EQ,GE POWER INDIA LIMITED,20,"-"
GESHIP,EQ,THE GREAT EASTERN SHIPPING COMPANY LIMITED,20,"-"
GET&D,EQ,GE T&D INDIA LIMITED,20,"-"
GFLLIMITED,EQ,GFL LIMITED,20,"-"
GHCL,EQ,GHCL LIMITED,20,"-"
GICHSGFIN,EQ,GIC HOUSING FINANCE LIMITED,20,"-"
GICRE,EQ,GENERAL INSURANCE CORPORATION OF INDIA,20,"-"
GILLETTE,EQ,GILLETTE INDIA LIMITED,20,"-"
GIPCL,EQ,GUJARAT INDUSTRIES POWER COMPANY LIMITED,20,"-"
GKWLIMITED,EQ,GKW LIMITED,20,"-"
GLAND,EQ,GLAND PHARMA LIMITED,20,"-"
GLAXO,EQ,GLAXOSMITHKLINE PHARMACEUTICALS LIMITED,20,"-"
GLS,EQ,GLENMARK LIFE SCIENCES LIMITED,20,"-"
GMBREW,EQ,GM BREWERIES LIMITED,20,"-"
GMDCLTD,EQ,GUJARAT MINERAL DEVELOPMENT CORPORATION LIMITED,20,"-"
GMMPFAUDLR,EQ,GMM PFAUDLER LIMITED,20,"-"
GNA,EQ,GNA AXLES LIMITED,20,"-"
GNFC,EQ,GUJARAT NARMADA VALLEY FERTILIZERS AND CHEMICALS LIMITED,20,"-"
GOCLCORP,EQ,GOCL CORPORATION LIMITED,20,"-"
GODFRYPHLP,EQ,GODFREY PHILLIPS INDIA LIMITED,20,"-"
GODREJAGRO,EQ,GODREJ AGROVET LIMITED,20,"-"
GODREJIND,EQ,GODREJ INDUSTRIES LIMITED,20,"-"
GOKUL,EQ,GOKUL REFOILS AND SOLVENT LIMITED,20,"-"
GOLDBEES,EQ,NIPPON INDIA ETF GOLD BEES,20,"-"
GOLDIAM,EQ,GOLDIAM INTERNATIONAL LIMITED,20,"-"
GOLDSHARE,EQ,UTI MUTUAL FUND - UTI GOLD EXCHANGE TRADED FUND,20,"-"
GOODYEAR,EQ,GOODYEAR INDIA LIMITED,20,"-"
GPPL,EQ,GUJARAT PIPAVAV PORT LIMITED,20,"-"
GPTINFRA,EQ,GPT INFRAPROJECTS LIMITED,20,"-"
GRAPHITE,EQ,GRAPHITE INDIA LIMITED,20,"-"
GRAUWEIL,EQ,GRAUER & WEIL (INDIA) LIMITED,20,"-"
GRAVITA,EQ,GRAVITA INDIA LIMITED,20,"-"
GREAVESCOT,EQ,GREAVES COTTON LIMITED,20,"-"
GREENLAM,EQ,GREENLAM INDUSTRIES LIMITED,20,"-"
GREENPLY,EQ,GREENPLY INDUSTRIES LIMITED,20,"-"
GRINDWELL,EQ,GRINDWELL NORTON LIMITED,20,"-"
GRINFRA,EQ,G R INFRAPROJECTS LIMITED,20,"-"
GRPLTD,EQ,GRP LIMITED,20,"-"
GRSE,EQ,GARDEN REACH SHIPBUILDERS & ENGINEERS LIMITED,20,"-"
GSCLCEMENT,EQ,GUJARAT SIDHEE CEMENT LIMITED,20,"-"
GSFC,EQ,GUJARAT STATE FERTILIZERS & CHEMICALS LIMITED,20,"-"
GSPL,EQ,GUJARAT STATE PETRONET LIMITED,20,"-"
GSS,EQ,GSS INFOTECH LIMITED,20,"-"
GTPL,EQ,GTPL HATHWAY LIMITED,20,"-"
GUFICBIO,EQ,GUFIC BIOSCIENCES LIMITED,20,"-"
GUJALKALI,EQ,GUJARAT ALKALIES AND CHEMICALS LIMITED,20,"-"
GUJAPOLLO,EQ,GUJARAT APOLLO INDUSTRIES LIMITED,20,"-"
GULFOILLUB,EQ,GULF OIL LUBRICANTS INDIA LIMITED,20,"-"
GULFPETRO,EQ,GP PETROLEUMS LIMITED,20,"-"
HAL,EQ,HINDUSTAN AERONAUTICS LIMITED,20,"-"
HARRMALAYA,EQ,HARRISONS  MALAYALAM LIMITED,20,"-"
HATHWAY,EQ,HATHWAY CABLE & DATACOM LIMITED,20,"-"
HATSUN,EQ,HATSUN AGRO PRODUCT LIMITED,20,"-"
HBANKETF,EQ,HDFC MUTUAL FUND - HDFC BANKING ETF,20,"-"
HBLPOWER,EQ,HBL POWER SYSTEMS LIMITED,20,"-"
HCG,EQ,HEALTHCARE GLOBAL ENTERPRISES LIMITED,20,"-"
HDFCMFGETF,EQ,HDFC MUTUAL FUND-HDFC GOLD EXCHANGE TRADED FUND,20,"-"
HDFCNIFETF,EQ,HDFC MUTUAL FUND - HDFC NIFTY ETF,20,"-"
HDFCSENETF,EQ,HDFC MUTUAL FUND - HDFC SENSEX ETF,20,"-"
HEG,EQ,HEG LIMITED,20,"-"
HEIDELBERG,EQ,HEIDELBERGCEMENT INDIA LIMITED,20,"-"
HEMIPROP,EQ,HEMISPHERE PROPERTIES INDIA LIMITED,20,"-"
HERANBA,EQ,HERANBA INDUSTRIES LIMITED,20,"-"
HERCULES,EQ,HERCULES HOISTS LIMITED,20,"-"
HERITGFOOD,EQ,HERITAGE FOODS LIMITED,20,"-"
HESTERBIO,EQ,HESTER BIOSCIENCES LIMITED,20,"-"
HGINFRA,EQ,H.G. INFRA ENGINEERING LIMITED,20,"-"
HIKAL,EQ,HIKAL LIMITED,20,"-"
HIL,EQ,HIL LIMITED,20,"-"
HINDCOMPOS,EQ,HINDUSTAN COMPOSITES LIMITED,20,"-"
HINDCOPPER,EQ,HINDUSTAN COPPER LIMITED,20,"-"
HINDZINC,EQ,HINDUSTAN ZINC LIMITED,20,"-"
HIRECT,EQ,HIND RECTIFIERS LIMITED,20,"-"
HISARMETAL,EQ,HISAR METAL INDUSTRIES LIMITED,20,"-"
HITECH,EQ,HI-TECH PIPES LIMITED,20,"-"
HITECHGEAR,EQ,THE HI-TECH GEARS LIMITED,20,"-"
HLEGLAS,EQ,HLE GLASCOAT LIMITED,20,"-"
HMVL,EQ,HINDUSTAN MEDIA VENTURES LIMITED,20,"-"
HNGSNGBEES,EQ,NIPPON INDIA ETF HANG SENG BEES,20,"-"
HOMEFIRST,EQ,HOME FIRST FINANCE COMPANY INDIA LIMITED,20,"-"
HONAUT,EQ,HONEYWELL AUTOMATION INDIA LIMITED,20,"-"
HONDAPOWER,EQ,HONDA INDIA POWER PRODUCTS LIMITED,20,"-"
HPIL,SM,HINDPRAKASH INDUSTRIES LIMITED,20,"-"
HSCL,EQ,HIMADRI SPECIALITY CHEMICAL LIMITED,20,"-"
HSIL,EQ,HSIL LIMITED,20,"-"
HTMEDIA,EQ,HT MEDIA LIMITED,20,"-"
HUDCO,EQ,HOUSING & URBAN DEVELOPMENT CORPORATION LIMITED,20,"-"
HUHTAMAKI,EQ,HUHTAMAKI INDIA LIMITED,20,"-"
IBMFNIFTY,EQ,INDIABULLS MUTUAL FUND - INDIABULLS NIFTY50 EXCHANGE TRADED FUND,20,"-"
IBREALEST,EQ,INDIABULLS REAL ESTATE LIMITED,20,"-"
ICEMAKE,EQ,ICE MAKE REFRIGERATION LIMITED,20,"-"
ICICI500,EQ,ICICI PRUDENTIAL MUTUAL FUND - ICICI PRUDENTIAL S&P BSE 500 ETF - NA,20,"-"
ICICIALPLV,EQ,ICICI PRUDENTIAL MUTUAL FUND -ICICI PRUDENTIAL ALPHA LOW VOL 30 ETF,20,"-"
ICICIB22,EQ,ICICI PRUDENTIAL MUTUAL FUND - BHARAT 22 ETF,20,"-"
ICICIBANKN,EQ,ICICI PRUDENTIAL BANK ETF NIFTY BANK INDEX,20,"-"
ICICIBANKP,EQ,ICICI PRUDENTIAL PRIVATE BANKS ETF-NIFTY PRIVATE BANK INDEX,20,"-"
ICICIFMCG,EQ,ICICI PRUDENTIAL MUTUAL FUND - ICICI PRUDENTIAL FMCG ETF,20,"-"
ICICIGOLD,EQ,ICICI PRUDENTIAL GOLD ETF,20,"-"
ICICILIQ,EQ,ICICI PRUDENTIAL MUTUAL FUND - ICICI PRUDENTIAL LIQUID ETF - NO NA,20,"-"
ICICILOVOL,EQ,ICICI PRUDENTIAL NIFTY LOW VOL 30 ETF,20,"-"
ICICIM150,EQ,ICICI PRUDENTIAL MUTUAL FUND - ICICI PRUDENTIAL MIDCAP 150 ETF,20,"-"
ICICIMCAP,EQ,ICICI PRUDENTIAL MIDCAP SELECT ETF,20,"-"
ICICINF100,EQ,ICICI PRUDENTIAL NIFTY 100 ETF,20,"-"
ICICINIFTY,EQ,ICICI PRUDENTIAL NIFTY ETF,20,"-"
ICICINV20,EQ,ICICI PRUDENTIAL NV20 ETF,20,"-"
ICICINXT50,EQ,ICICI PRUDENTIAL MUTUAL FUND - ICICI PRUDENTIAL NIFTY NEXT 50 ETF,20,"-"
ICICIPHARM,EQ,ICICI PRUDENTIAL MUTUAL FUND - ICICI PRUDENTIAL HEALTHCARE ETF,20,"-"
ICICISENSX,EQ,ICICI PRUDENTIAL SENSEX ETF,20,"-"
ICICITECH,EQ,ICICI PRUDENTIAL MUTUAL FUND - ICICI PRUDENTIAL IT ETF,20,"-"
ICIL,EQ,INDO COUNT INDUSTRIES LIMITED,20,"-"
ICRA,EQ,ICRA LIMITED,20,"-"
IDBI,EQ,IDBI BANK LIMITED,20,"-"
IDBIGOLD,EQ,IDBI MUTUAL FUND - IDBI GOLD EXCHANGE TRADED FUND,20,"-"
IDFC,EQ,IDFC LIMITED,20,"-"
IDFNIFTYET,EQ,IDFC MUTUAL FUND - IDFC NIFTY ETF,20,"-"
IEX,EQ,INDIAN ENERGY EXCHANGE LIMITED,20,"-"
IFBAGRO,EQ,IFB AGRO INDUSTRIES LIMITED,20,"-"
IFBIND,EQ,IFB INDUSTRIES LIMITED,20,"-"
IFCI,EQ,IFCI LIMITED,20,"-"
IFGLEXPOR,EQ,IFGL REFRACTORIES LIMITED,20,"-"
IGARASHI,EQ,IGARASHI MOTORS INDIA LIMITED,20,"-"
IGPL,EQ,IG PETROCHEMICALS LIMITED,20,"-"
IIFLWAM,EQ,IIFL WEALTH MANAGEMENT LIMITED,20,"-"
IMPAL,EQ,INDIA MOTOR PARTS AND ACCESSORIES LIMITED,20,"-"
INDIACEM,EQ,THE INDIA CEMENTS LIMITED,20,"-"
INDIAGLYCO,EQ,INDIA GLYCOLS LIMITED,20,"-"
INDIAMART,EQ,INDIAMART INTERMESH LIMITED,20,"-"
INDIANB,EQ,INDIAN BANK,20,"-"
INDIANHUME,EQ,INDIAN HUME PIPE COMPANY LIMITED,20,"-"
INDIGOPNTS,EQ,INDIGO PAINTS LIMITED,20,"-"
INDIGRID,IV,INDIA GRID TRUST,20,"-"
INDINFR,IV,INDINFRAVIT TRUST,20,"-"
INDNIPPON,EQ,INDIA NIPPON ELECTRICALS LIMITED,20,"-"
INDOCO,EQ,INDOCO REMEDIES LIMITED,20,"-"
INDOSTAR,EQ,INDOSTAR CAPITAL FINANCE LIMITED,20,"-"
INDRAMEDCO,EQ,INDRAPRASTHA MEDICAL CORPORATION LIMITED,20,"-"
INEOSSTYRO,EQ,INEOS STYROLUTION INDIA LIMITED,20,"-"
INFIBEAM,EQ,INFIBEAM AVENUES LIMITED,20,"-"
INFRABEES,EQ,NIPPON INDIA ETF INFRA BEES,20,"-"
INGERRAND,EQ,INGERSOLL RAND (INDIA) LIMITED,20,"-"
INOXLEISUR,EQ,INOX LEISURE LIMITED,20,"-"
INOXWIND,EQ,INOX WIND LIMITED,20,"-"
INSECTICID,EQ,INSECTICIDES (INDIA) LIMITED,20,"-"
INTELLECT,EQ,INTELLECT DESIGN ARENA LIMITED,20,"-"
INVENTURE,EQ,INVENTURE GROWTH & SECURITIES LIMITED,20,"-"
IOB,EQ,INDIAN OVERSEAS BANK,20,"-"
IOLCP,EQ,IOL CHEMICALS AND PHARMACEUTICALS LIMITED,20,"-"
IPCALAB,EQ,IPCA LABORATORIES LIMITED,20,"-"
IPL,EQ,INDIA PESTICIDES LIMITED,20,"-"
IRB,EQ,IRB INFRASTRUCTURE DEVELOPERS LIMITED,20,"-"
IRBINVIT,IV,IRB INVIT FUND,20,"-"
IRCON,EQ,IRCON INTERNATIONAL LIMITED,20,"-"
IRFC,EQ,INDIAN RAILWAY FINANCE CORPORATION LIMITED,20,"-"
ISEC,EQ,ICICI SECURITIES LIMITED,20,"-"
ISGEC,EQ,ISGEC HEAVY ENGINEERING LIMITED,20,"-"
ITDC,EQ,INDIA TOURISM DEVELOPMENT CORPORATION LIMITED,20,"-"
ITDCEM,EQ,ITD CEMENTATION INDIA LIMITED,20,"-"
ITI,EQ,ITI LIMITED,20,"-"
IVZINGOLD,EQ,INVESCO INDIA GOLD EXCHANGE TRADED FUND,20,"-"
IVZINNIFTY,EQ,INVESCO INDIA NIFTY EXCHANGE TRADED FUND,20,"-"
JAGRAN,EQ,JAGRAN PRAKASHAN LIMITED,20,"-"
JAGSNPHARM,EQ,JAGSONPAL PHARMACEUTICALS LIMITED,20,"-"
JAICORPLTD,EQ,JAI CORP LIMITED,20,"-"
JAKHARIA,SM,JAKHARIA FABRIC LIMITED,20,"-"
JAMNAAUTO,EQ,JAMNA AUTO INDUSTRIES LIMITED,20,"-"
JAYAGROGN,EQ,JAYANT AGRO ORGANICS LIMITED,20,"-"
JAYBARMARU,EQ,JAY BHARAT MARUTI LIMITED,20,"-"
JAYSREETEA,EQ,JAYSHREE TEA & INDUSTRIES LIMITED,20,"-"
JBCHEPHARM,EQ,JB CHEMICALS & PHARMACEUTICALS LIMITED,20,"-"
JBMA,EQ,JBM AUTO LIMITED,20,"-"
JCHAC,EQ,JOHNSON CONTROLS - HITACHI AIR CONDITIONING INDIA LIMITED,20,"-"
JHS,EQ,JHS SVENDGAARD LABORATORIES LIMITED,20,"-"
JINDALPOLY,EQ,JINDAL POLY FILMS LIMITED,20,"-"
JINDALSAW,EQ,JINDAL SAW LIMITED,20,"-"
JINDWORLD,EQ,JINDAL WORLDWIDE LIMITED,20,"-"
J&KBANK,EQ,THE JAMMU & KASHMIR BANK LIMITED,20,"-"
JKCEMENT,EQ,JK CEMENT LIMITED,20,"-"
JKIL,EQ,J.KUMAR INFRAPROJECTS LIMITED,20,"-"
JKLAKSHMI,EQ,JK LAKSHMI CEMENT LIMITED,20,"-"
JKPAPER,EQ,JK PAPER LIMITED,20,"-"
JKTYRE,EQ,JK TYRE & INDUSTRIES LIMITED,20,"-"
JMA,EQ,JULLUNDUR MOTOR AGENCY (DELHI) LIMITED,20,"-"
JMCPROJECT,EQ,JMC PROJECTS (INDIA)  LIMITED,20,"-"
JMFINANCIL,EQ,JM FINANCIAL LIMITED,20,"-"
JSL,EQ,JINDAL STAINLESS LIMITED,20,"-"
JSLHISAR,EQ,JINDAL STAINLESS (HISAR) LIMITED,20,"-"
JSWHL,EQ,JSW HOLDINGS LIMITED,20,"-"
JTEKTINDIA,EQ,JTEKT INDIA LIMITED,20,"-"
JUBLINGREA,EQ,JUBILANT INGREVIA LIMITED,20,"-"
JUBLPHARMA,EQ,JUBILANT PHARMOVA LIMITED,20,"-"
JUNIORBEES,EQ,NIPPON INDIA ETF JUNIOR BEES,20,"-"
JUSTDIAL,EQ,JUST DIAL LIMITED,20,"-"
JYOTHYLAB,EQ,JYOTHY LABS LIMITED,20,"-"
KABRAEXTRU,EQ,KABRA EXTRUSION TECHNIK LIMITED,20,"-"
KAJARIACER,EQ,KAJARIA CERAMICS LIMITED,20,"-"
KAKATCEM,EQ,KAKATIYA CEMENT SUGAR & INDUSTRIES LIMITED,20,"-"
KALPATPOWR,EQ,KALPATARU POWER TRANSMISSION LIMITED,20,"-"
KALYANKJIL,EQ,KALYAN JEWELLERS INDIA LIMITED,20,"-"
KAMDHENU,EQ,KAMDHENU LIMITED,20,"-"
KANSAINER,EQ,KANSAI NEROLAC PAINTS LIMITED,20,"-"
KARURVYSYA,EQ,KARUR VYSYA BANK LIMITED,20,"-"
KCP,EQ,KCP LIMITED,20,"-"
KEC,EQ,KEC INTERNATIONAL LIMITED,20,"-"
KEERTI,EQ,KEERTI KNOWLEDGE AND SKILLS LIMITED,20,"-"
KEI,EQ,KEI INDUSTRIES LIMITED,20,"-"
KELLTONTEC,EQ,KELLTON TECH SOLUTIONS LIMITED,20,"-"
KENNAMET,EQ,KENNAMETAL INDIA LIMITED,20,"-"
KESORAMIND,EQ,KESORAM INDUSTRIES LIMITED,20,"-"
KHFM,SM,KHFM HOSPITALITY AND FACILITY MANAGEMENT SERVICES LIMITED,20,"-"
KICL,EQ,KALYANI INVESTMENT COMPANY LIMITED,20,"-"
KIMS,EQ,KRISHNA INSTITUTE OF MEDICAL SCIENCES LIMITED,20,"-"
KIRIINDUS,EQ,KIRI INDUSTRIES LIMITED,20,"-"
KIRLFER,EQ,KIRLOSKAR FERROUS INDUSTRIES LTD,20,"-"
KIRLOSENG,EQ,KIRLOSKAR OIL ENGINES LIMITED,20,"-"
KIRLOSIND,EQ,KIRLOSKAR INDUSTRIES LIMITED,20,"-"
KKCL,EQ,KEWAL KIRAN CLOTHING LIMITED,20,"-"
KNRCON,EQ,KNR CONSTRUCTIONS LIMITED,20,"-"
KOKUYOCMLN,EQ,KOKUYO CAMLIN LIMITED,20,"-"
KOLTEPATIL,EQ,KOLTE - PATIL DEVELOPERS LIMITED,20,"-"
KOTAKBKETF,EQ,KOTAK MAHINDRA MF - KOTAK BANKING ETF - DIVIDEND PAYOUT OPTION,20,"-"
KOTAKGOLD,EQ,KOTAK MUTUAL FUND - GOLD EXCHANGE TRADED FUND,20,"-"
KOTAKIT,EQ,KOTAK MAHINDRA MUTUAL FUND - KOTAK IT ETF - KOTAK IT ETF,20,"-"
KOTAKNIFTY,EQ,KOTAK MAHINDRA MUTUAL FUND-KOTAK NIFTY ETF,20,"-"
KOTAKNV20,EQ,KOTAK MAHINDRA MF - KOTAK NV 20 ETF - DPO,20,"-"
KOTAKPSUBK,EQ,KOTAK MAHINDRA MUTUAL FUND,20,"-"
KOVAI,EQ,KOVAI MEDICAL CENTER & HOSPITAL LIMITED,20,"-"
KPITTECH,EQ,KPIT TECHNOLOGIES LIMITED,20,"-"
KPRMILL,EQ,K.P.R. MILL LIMITED,20,"-"
KRBL,EQ,KRBL LIMITED,20,"-"
KREBSBIO,EQ,KREBS BIOCHEMICALS AND INDUSTRIES LIMITED,20,"-"
KRITIKA,SM,KRITIKA WIRES LIMITED,20,"-"
KRSNAA,EQ,KRSNAA DIAGNOSTICS LIMITED,20,"-"
KSB,EQ,KSB LIMITED,20,"-"
KSCL,EQ,KAVERI SEED COMPANY LIMITED,20,"-"
KSL,EQ,KALYANI STEELS LIMITED,20,"-"
KTKBANK,EQ,THE KARNATAKA BANK LIMITED,20,"-"
KUANTUM,EQ,KUANTUM PAPERS LIMITED,20,"-"
LAOPALA,EQ,LA OPALA RG LIMITED,20,"-"
LASA,EQ,LASA SUPERGENERICS LIMITED,20,"-"
LAURUSLABS,EQ,LAURUS LABS LIMITED,20,"-"
LAXMIMACH,EQ,LAKSHMI MACHINE WORKS LIMITED,20,"-"
LEMONTREE,EQ,LEMON TREE HOTELS LIMITED,20,"-"
LFIC,EQ,LAKSHMI FINANCE & INDUSTRIAL CORPORATION LIMITED,20,"-"
LGBBROSLTD,EQ,LG BALAKRISHNAN & BROS LIMITED,20,"-"
LIBAS,EQ,LIBAS CONSUMER PRODUCTS LIMITED,20,"-"
LIBERTSHOE,EQ,LIBERTY SHOES LIMITED,20,"-"
LICNETFGSC,EQ,LIC MF - LIC MF G-SEC LT ETF - GO,20,"-"
LICNETFN50,EQ,LIC MF - LIC MF EXCHANGE TRADED FUND - NIFTY 50,20,"-"
LICNETFSEN,EQ,LIC MUTUAL FUND - LIC MF EXCHANGE TRADED FUND - SENSEX,20,"-"
LICNFNHGP,EQ,LIC MF - LIC MF ETF - NIFTY 100,20,"-"
LIKHITHA,EQ,LIKHITHA INFRASTRUCTURE LIMITED,20,"-"
LINCOLN,EQ,LINCOLN PHARMACEUTICALS LIMITED,20,"-"
LINDEINDIA,EQ,LINDE INDIA LIMITED,20,"-"
LIQUIDETF,EQ,DSP LIQUID ETF,20,"-"
LODHA,EQ,MACROTECH DEVELOPERS LIMITED,20,"-"
LUMAXIND,EQ,LUMAX INDUSTRIES LIMITED,20,"-"
LUMAXTECH,EQ,LUMAX AUTO TECHNOLOGIES LIMITED,20,"-"
MADHAV,EQ,MADHAV MARBLES AND GRANITES LIMITED,20,"-"
MADRASFERT,EQ,MADRAS FERTILIZERS LIMITED,20,"-"
MAESGETF,EQ,MIRAE ASSET MUTUAL FUND -MIRAE ASSET ESG SECTOR LEADERS ETF,20,"-"
MAFANG,EQ,MIRAE ASSET MUTUAL FUND - MIRAE ASSET NYSE FANG+ ETF,20,"-"
MAFSETF,EQ,MIRAE ASSET MUTUAL FUND - MIRAE ASSET NIFTY FINANCIAL SERVICES ETF,20,"-"
MAHABANK,EQ,BANK OF MAHARASHTRA,20,"-"
MAHASTEEL,EQ,MAHAMAYA STEEL INDUSTRIES LIMITED,20,"-"
MAHEPC,EQ,MAHINDRA EPC IRRIGATION LIMITED,20,"-"
MAHESHWARI,EQ,MAHESHWARI LOGISTICS LIMITED,20,"-"
MAHICKRA,SM,MAHICKRA CHEMICALS LIMITED,20,"-"
MAHINDCIE,EQ,MAHINDRA CIE AUTOMOTIVE LIMITED,20,"-"
MAHLIFE,EQ,MAHINDRA LIFESPACE DEVELOPERS LIMITED,20,"-"
MAHLOG,EQ,MAHINDRA LOGISTICS LIMITED,20,"-"
MAHSCOOTER,EQ,MAHARASHTRA SCOOTERS LIMITED,20,"-"
MAHSEAMLES,EQ,MAHARASHTRA SEAMLESS LIMITED,20,"-"
MAITHANALL,EQ,MAITHAN ALLOYS LIMITED,20,"-"
MALUPAPER,EQ,MALU PAPER MILLS LIMITED,20,"-"
MAN50ETF,EQ,MIRAE ASSET MUTUAL FUND - MIRAE ASSET NIFTY 50 ETF,20,"-"
MANAKSIA,EQ,MANAKSIA LIMITED,20,"-"
MANGALAM,EQ,MANGALAM DRUGS AND ORGANICS LIMITED,20,"-"
MANGCHEFER,EQ,MANGALORE CHEMICALS & FERTILIZERS LIMITED,20,"-"
MANGLMCEM,EQ,MANGALAM CEMENT LIMITED,20,"-"
MANINDS,EQ,MAN INDUSTRIES (INDIA) LIMITED,20,"-"
MANINFRA,EQ,MAN INFRACONSTRUCTION LIMITED,20,"-"
MANXT50,EQ,MIRAE ASSET MUTUAL FUND - MIRAE ASSET NIFTY NEXT 50 ETF (MANXT50) - MI,20,"-"
MARINE,EQ,MARINE ELECTRICALS (INDIA) LIMITED,20,"-"
MARKSANS,EQ,MARKSANS PHARMA LIMITED,20,"-"
MASFIN,EQ,MAS FINANCIAL SERVICES LIMITED,20,"-"
MASTEK,EQ,MASTEK LIMITED,20,"-"
MATRIMONY,EQ,MATRIMONY.COM LIMITED,20,"-"
MAXHEALTH,EQ,MAX HEALTHCARE INSTITUTE LIMITED,20,"-"
MAXIND,EQ,MAX INDIA LIMITED,20,"-"
MAXVIL,EQ,MAX VENTURES AND INDUSTRIES LIMITED,20,"-"
MAYURUNIQ,EQ,MAYUR UNIQUOTERS LTD,20,"-"
MAZDA,EQ,MAZDA LIMITED,20,"-"
MAZDOCK,EQ,MAZAGON DOCK SHIPBUILDERS LIMITED,20,"-"
MBAPL,EQ,MADHYA BHARAT AGRO PRODUCTS LIMITED,20,"-"
MCX,EQ,MULTI COMMODITY EXCHANGE OF INDIA LIMITED,20,"-"
MENONBE,EQ,MENON BEARINGS LIMITED,20,"-"
MGEL,EQ,MANGALAM GLOBAL ENTERPRISE LIMITED,20,"-"
MHHL,SM,MOHINI HEALTH & HYGIENE LIMITED,20,"-"
MHRIL,EQ,MAHINDRA HOLIDAYS & RESORTS INDIA LIMITED,20,"-"
MIDHANI,EQ,MISHRA DHATU NIGAM LIMITED,20,"-"
MINDACORP,EQ,MINDA CORPORATION LIMITED,20,"-"
MINDAIND,EQ,MINDA INDUSTRIES LIMITED,20,"-"
MINDSPACE,RR,MINDSPACE BUSINESS PARKS REIT,20,"-"
MIRZAINT,EQ,MIRZA INTERNATIONAL LIMITED,20,"-"
MMFL,EQ,MM FORGINGS LIMITED,20,"-"
MMNL,IT,MIG MEDIA NEURONS LIMITED,20,"-"
MMP,EQ,MMP INDUSTRIES LIMITED,20,"-"
MMTC,EQ,MMTC LIMITED,20,"-"
MODISNME,EQ,MODISON METALS LIMITED,20,"-"
MOGSEC,EQ,MOTILAL OSWAL MUTUAL FUND - MOTILAL OSWAL 5 YEAR G SEC ETF - GROWTH,20,"-"
MOIL,EQ,MOIL LIMITED,20,"-"
MOKSH,EQ,MOKSH ORNAMENTS LIMITED,20,"-"
MOLDTEKPP,E1,MOLD-TEK PACKAGING LIMITED,20,"-"
MOLDTKPAC,EQ,MOLD-TEK PACKAGING LIMITED,20,"-"
MOLDTKPAC,W1,MOLD-TEK PACKAGING LIMITED,20,"-"
MOM100,EQ,MOTILAL OSWAL MUTUAL FUND - MOTILAL OSWAL MOST SHARES M100 ETF GO,20,"-"
MOM50,EQ,MOTILAL OSWAL MUTUAL FUND - MOTILAL OSWAL MOST SHARES M50 ETF,20,"-"
MON100,EQ,MOTILAL OSWAL MUTUAL FUND-MOTILAL OSWAL MOST SHARES NASDAQ 100 ETF -GO,20,"-"
MONTECARLO,EQ,MONTE CARLO FASHIONS LIMITED,20,"-"
MOREPENLAB,EQ,MOREPEN LABORATORIES LIMITED,20,"-"
MOTILALOFS,EQ,MOTILAL OSWAL FINANCIAL SERVICES LIMITED,20,"-"
MPSLTD,EQ,MPS LIMITED,20,"-"
MRPL,EQ,MANGALORE REFINERY AND PETROCHEMICALS LIMITED,20,"-"
MSTCLTD,EQ,MSTC LIMITED,20,"-"
MTARTECH,EQ,MTAR TECHNOLOGIES LIMITED,20,"-"
MUNJALAU,EQ,MUNJAL AUTO INDUSTRIES LIMITED,20,"-"
MUNJALSHOW,EQ,MUNJAL SHOWA LIMITED,20,"-"
MURUDCERA,EQ,MURUDESHWAR CERAMICS LIMITED,20,"-"
MUTHOOTCAP,EQ,MUTHOOT CAPITAL SERVICES LIMITED,20,"-"
NATCOPHARM,EQ,NATCO PHARMA LIMITED,20,"-"
NATHBIOGEN,EQ,NATH BIO-GENES (INDIA) LIMITED,20,"-"
NAVKARCORP,EQ,NAVKAR CORPORATION LIMITED,20,"-"
NAVNETEDUL,EQ,NAVNEET EDUCATION LIMITED,20,"-"
NAZARA,EQ,NAZARA TECHNOLOGIES LIMITED,20,"-"
NBCC,EQ,NBCC (INDIA) LIMITED,20,"-"
NBIFIN,EQ,N. B. I. INDUSTRIAL FINANCE COMPANY LIMITED,20,"-"
NBVENTURES,EQ,NAVA BHARAT VENTURES LIMITED,20,"-"
NCC,EQ,NCC LIMITED,20,"-"
NCLIND,EQ,NCL INDUSTRIES LIMITED,20,"-"
NCPSESDL24,EQ,NIPPON INDIA MUTUAL FUND-NIPPON INDIA ETF NIFTY CPSE BOND PLUS SDL-24,20,"-"
NECLIFE,EQ,NECTAR LIFESCIENCES LIMITED,20,"-"
NELCAST,EQ,NELCAST LIMITED,20,"-"
NEOGEN,EQ,NEOGEN CHEMICALS LIMITED,20,"-"
NESCO,EQ,NESCO LIMITED,20,"-"
NETF,EQ,TATA NIFTY EXCHANGE TRADED FUND,20,"-"
NETFCONSUM,EQ,NIPPON INDIA ETF CONSUMPTION,20,"-"
NETFDIVOPP,EQ,NIPPON INDIA ETF DIVIDEND OPPORTUNITIES,20,"-"
NETFGILT5Y,EQ,NIPPON INDIA MUTUAL FUND - NIPPON INDIA ETF 5 YEAR GILT,20,"-"
NETFIT,EQ,NIPPON LIFE INDIA ASSET MANAGEMENT LIMITED,20,"-"
NETFLTGILT,EQ,NIPPON INDIA ETF LONG TERM GILT,20,"-"
NETFMID150,EQ,NIPPON INDIA ETF NIFTY MIDCAP 150,20,"-"
NETFNIF100,EQ,NIPPON INDIA ETF NIFTY 100,20,"-"
NETFNV20,EQ,NIPPON INDIA ETF NV20,20,"-"
NETFPHARMA,EQ,NIPPON INDIA MUTUAL FUND - NIPPON INDIA NIFTY PHARMA ETF,20,"-"
NETFSDL26,EQ,NIPPON INDIA MUTUAL FUND - ETF NIFTY SDL - 2026 MATURITY,20,"-"
NETWORK18,EQ,NETWORK18 MEDIA & INVESTMENTS LIMITED,20,"-"
NFL,EQ,NATIONAL FERTILIZERS LIMITED,20,"-"
NH,EQ,NARAYANA HRUDAYALAYA LTD.,20,"-"
NHPC,EQ,NHPC LIMITED,20,"-"
NIACL,EQ,THE NEW INDIA ASSURANCE COMPANY LIMITED,20,"-"
NIFTYBEES,EQ,NIPPON INDIA ETF NIFTY BEES,20,"-"
NIFTYEES,EQ,EDELWEISS ETF - NIFTY 50,20,"-"
NIITLTD,EQ,NIIT LIMITED,20,"-"
NILKAMAL,EQ,NILKAMAL LIMITED,20,"-"
NIPPOBATRY,EQ,INDO-NATIONAL LIMITED,20,"-"
NIRAJ,EQ,NIRAJ CEMENT STRUCTURALS LIMITED,20,"-"
NLCINDIA,EQ,NLC INDIA LIMITED,20,"-"
NOCIL,EQ,NOCIL LIMITED,20,"-"
NOVARTIND,EQ,NOVARTIS INDIA LIMITED,20,"-"
NPBET,EQ,TATA NIFTY PRIVATE BANK EXCHANGE TRADED FUND,20,"-"
NRAIL,EQ,N R AGARWAL INDUSTRIES LIMITED,20,"-"
NRBBEARING,EQ,NRB BEARING LIMITED,20,"-"
NSIL,EQ,NALWA SONS INVESTMENTS LIMITED,20,"-"
NUCLEUS,EQ,NUCLEUS SOFTWARE EXPORTS LIMITED,20,"-"
NXTDIGITAL,EQ,NXTDIGITAL LIMITED,20,"-"
OAL,EQ,ORIENTAL AROMATICS LIMITED,20,"-"
OBEROIRLTY,EQ,OBEROI REALTY LIMITED,20,"-"
OCCL,EQ,ORIENTAL CARBON & CHEMICALS LIMITED,20,"-"
OFSS,EQ,ORACLE FINANCIAL SERVICES SOFTWARE LIMITED,20,"-"
OIL,EQ,OIL INDIA LIMITED,20,"-"
OMAXE,EQ,OMAXE LIMITED,20,"-"
OMINFRAL,EQ,OM INFRA LIMITED,20,"-"
ONMOBILE,EQ,ONMOBILE GLOBAL LIMITED,20,"-"
ORBTEXP,EQ,ORBIT EXPORTS LIMITED,20,"-"
ORIENTABRA,EQ,ORIENT ABRASIVES LIMITED,20,"-"
ORIENTALTL,EQ,ORIENTAL TRIMEX LIMITED,20,"-"
ORIENTBELL,EQ,ORIENT BELL LIMITED,20,"-"
ORIENTCEM,EQ,ORIENT CEMENT LIMITED,20,"-"
ORIENTELEC,EQ,ORIENT ELECTRIC LIMITED,20,"-"
ORIENTHOT,EQ,ORIENTAL HOTELS LIMITED,20,"-"
ORIENTPPR,EQ,ORIENT PAPER & INDUSTRIES LIMITED,20,"-"
ORISSAMINE,EQ,THE ORISSA MINERALS DEVELOPMENT COMPANY LIMITED,20,"-"
OSEINTRUST,IV,ORIENTAL INFRATRUST,20,"-"
OSIAHYPER,SM,OSIA HYPER RETAIL LIMITED,20,"-"
PAISALO,EQ,PAISALO DIGITAL LIMITED,20,"-"
PALREDTEC,EQ,PALRED TECHNOLOGIES LIMITED,20,"-"
PANAMAPET,EQ,PANAMA PETROCHEM LIMITED,20,"-"
PARAGMILK,EQ,PARAG MILK FOODS LIMITED,20,"-"
PARIN,SM,PARIN FURNITURE LIMITED,20,"-"
PASHUPATI,SM,PASHUPATI COTSPIN LIMITED,20,"-"
PATELENG,EQ,PATEL ENGINEERING LIMITED,20,"-"
PAVNAIND,SM,PAVNA INDUSTRIES LIMITED,20,"-"
PCJEWELLER,EQ,PC JEWELLER LIMITED,20,"-"
PDMJEPAPER,EQ,PUDUMJEE PAPER PRODUCTS LIMITED,20,"-"
PDSMFL,EQ,PDS MULTINATIONAL FASHIONS LIMITED,20,"-"
PENIND,EQ,PENNAR INDUSTRIES LIMITED,20,"-"
PERSISTENT,EQ,PERSISTENT SYSTEMS LIMITED,20,"-"
PFS,EQ,PTC INDIA FINANCIAL SERVICES LIMITED,20,"-"
PGHH,EQ,PROCTER & GAMBLE HYGIENE AND HEALTH CARE LIMITED,20,"-"
PGHL,EQ,PROCTER & GAMBLE HEALTH LIMITED,20,"-"
PGIL,EQ,PEARL GLOBAL INDUSTRIES LIMITED,20,"-"
PGINVIT,IV,POWERGRID INFRASTRUCTURE INVESTMENT TRUST,20,"-"
PHILIPCARB,EQ,PHILLIPS CARBON BLACK LIMITED,20,"-"
PHOENIXLTD,EQ,THE PHOENIX MILLS LIMITED,20,"-"
PILANIINVS,EQ,PILANI INVESTMENT AND INDUSTRIES CORPORATION LIMITED,20,"-"
PILITA,EQ,PIL ITALICA LIFESTYLE LIMITED,20,"-"
PIONDIST,EQ,PIONEER DISTILLERIES LIMITED,20,"-"
PIONEEREMB,EQ,PIONEER EMBROIDERIES LIMITED,20,"-"
PLASTIBLEN,EQ,PLASTIBLENDS INDIA LIMITED,20,"-"
PNCINFRA,EQ,PNC INFRATECH LIMITED,20,"-"
PODDARMENT,EQ,PODDAR PIGMENTS LIMITED,20,"-"
POKARNA,EQ,POKARNA LIMITED,20,"-"
POLYCAB,EQ,POLYCAB INDIA LIMITED,20,"-"
POLYMED,EQ,POLY MEDICURE LIMITED,20,"-"
POLYPLEX,EQ,POLYPLEX CORPORATION LIMITED,20,"-"
POWERINDIA,EQ,ABB POWER PRODUCTS AND SYSTEMS INDIA LIMITED,20,"-"
POWERMECH,EQ,POWER MECH PROJECTS LIMITED,20,"-"
PPAP,EQ,PPAP AUTOMOTIVE LIMITED,20,"-"
PPL,EQ,PRAKASH PIPES LIMITED,20,"-"
PRAKASH,EQ,PRAKASH INDUSTRIES LIMITED,20,"-"
PRECAM,EQ,PRECISION CAMSHAFTS LIMITED,20,"-"
PRECWIRE,EQ,PRECISION WIRES INDIA LIMITED,20,"-"
PRESSMN,EQ,PRESSMAN ADVERTISING LIMITED,20,"-"
PRESTIGE,EQ,PRESTIGE ESTATES PROJECTS LIMITED,20,"-"
PRICOLLTD,EQ,PRICOL LIMITED,20,"-"
PRINCEPIPE,EQ,PRINCE PIPES AND FITTINGS LIMITED,20,"-"
PRITIKAUTO,EQ,PRITIKA AUTO INDUSTRIES LIMITED,20,"-"
PRIVISCL,EQ,PRIVI SPECIALITY CHEMICALS LIMITED,20,"-"
PRSMJOHNSN,EQ,PRISM JOHNSON LIMITED,20,"-"
PSB,EQ,PUNJAB & SIND BANK,20,"-"
PSPPROJECT,EQ,PSP PROJECTS LIMITED,20,"-"
PSUBNKBEES,EQ,NIPPON INDIA ETF PSU BANK BEES,20,"-"
PTC,EQ,PTC INDIA LIMITED,20,"-"
PTL,EQ,PTL ENTERPRISES LIMITED,20,"-"
PUNJABCHEM,EQ,PUNJAB CHEMICALS & CROP PROTECTION LIMITED,20,"-"
PURVA,EQ,PURAVANKARA LIMITED,20,"-"
QGOLDHALF,EQ,QUANTUM GOLD FUND -EXCHANGE TRADED FUND (ETF),20,"-"
QNIFTY,EQ,QUANTUM NIFTY ETF,20,"-"
QUESS,EQ,QUESS CORP LIMITED,20,"-"
QUICKHEAL,EQ,QUICK HEAL TECHNOLOGIES LIMITED,20,"-"
RADICO,EQ,RADICO KHAITAN LIMITED,20,"-"
RADIOCITY,EQ,MUSIC BROADCAST LIMITED,20,"-"
RAILTEL,EQ,RAILTEL CORPORATION OF INDIA LIMITED,20,"-"
RAIN,EQ,RAIN INDUSTRIES LIMITED,20,"-"
RAJESHEXPO,EQ,RAJESH EXPORTS LIMITED,20,"-"
RALLIS,EQ,RALLIS INDIA LIMITED,20,"-"
RAMANEWS,EQ,SHREE RAMA NEWSPRINT LIMITED,20,"-"
RAMCOIND,EQ,RAMCO INDUSTRIES LIMITED,20,"-"
RAMCOSYS,EQ,RAMCO SYSTEMS LIMITED,20,"-"
RANEENGINE,EQ,RANE ENGINE VALVE LIMITED,20,"-"
RANEHOLDIN,EQ,RANE HOLDINGS LIMITED,20,"-"
RATNAMANI,EQ,RATNAMANI METALS & TUBES LIMITED,20,"-"
RAYMOND,EQ,RAYMOND LIMITED,20,"-"
RBL,EQ,RANE BRAKE LINING LIMITED,20,"-"
RCF,EQ,RASHTRIYA CHEMICALS AND FERTILIZERS LIMITED,20,"-"
REFEX,EQ,REFEX INDUSTRIES LIMITED,20,"-"
RELAXO,EQ,RELAXO FOOTWEARS LIMITED,20,"-"
RELIGARE,EQ,RELIGARE ENTERPRISES LIMITED,20,"-"
REPCOHOME,EQ,REPCO HOME FINANCE LIMITED,20,"-"
REPL,EQ,RUDRABHISHEK ENTERPRISES LIMITED,20,"-"
REPRO,EQ,REPRO INDIA LIMITED,20,"-"
RESPONIND,EQ,RESPONSIVE INDUSTRIES LIMITED,20,"-"
RGL,EQ,RENAISSANCE GLOBAL LIMITED,20,"-"
RHIM,EQ,RHI MAGNESITA INDIA LTD,20,"-"
RICOAUTO,EQ,RICO AUTO INDUSTRIES LIMITED,20,"-"
RITES,EQ,RITES LIMITED,20,"-"
RKEC,EQ,RKEC PROJECTS LIMITED,20,"-"
RKFORGE,EQ,RAMKRISHNA FORGINGS LIMITED,20,"-"
RML,EQ,RANE (MADRAS) LIMITED,20,"-"
ROHLTD,EQ,ROYAL ORCHID HOTELS LIMITED,20,"-"
ROLEXRINGS,EQ,ROLEX RINGS LIMITED,20,"-"
ROML,EQ,RAJ OIL MILLS LIMITED,20,"-"
ROSSARI,EQ,ROSSARI BIOTECH LIMITED,20,"-"
ROSSELLIND,EQ,ROSSELL INDIA LIMITED,20,"-"
ROUTE,EQ,ROUTE MOBILE LIMITED,20,"-"
RPGLIFE,EQ,RPG LIFE SCIENCES LIMITED,20,"-"
RPPINFRA,EQ,R.P.P. INFRA PROJECTS LIMITED,20,"-"
RPSGVENT,EQ,RPSG VENTURES LIMITED,20,"-"
RSYSTEMS,EQ,R SYSTEMS INTERNATIONAL LIMITED,20,"-"
RUBYMILLS,EQ,THE RUBY MILLS LIMITED,20,"-"
RUCHIRA,EQ,RUCHIRA PAPERS LIMITED,20,"-"
RVNL,EQ,RAIL VIKAS NIGAM LIMITED,20,"-"
SADBHAV,EQ,SADBHAV ENGINEERING LIMITED,20,"-"
SAFARI,EQ,SAFARI INDUSTRIES (INDIA) LIMITED,20,"-"
SAGCEM,EQ,SAGAR CEMENTS LIMITED,20,"-"
SAKAR,EQ,SAKAR HEALTHCARE LIMITED,20,"-"
SAKSOFT,EQ,SAKSOFT LIMITED,20,"-"
SALASAR,EQ,SALASAR TECHNO ENGINEERING LIMITED,20,"-"
SALONA,EQ,SALONA COTSPIN LIMITED,20,"-"
SALZERELEC,EQ,SALZER ELECTRONICS LIMITED,20,"-"
SANDESH,EQ,THE SANDESH LIMITED,20,"-"
SANDHAR,EQ,SANDHAR TECHNOLOGIES LIMITED,20,"-"
SANGHIIND,EQ,SANGHI INDUSTRIES LIMITED,20,"-"
SANGHVIMOV,EQ,SANGHVI MOVERS LIMITED,20,"-"
SANOFI,EQ,SANOFI INDIA LIMITED,20,"-"
SARLAPOLY,EQ,SARLA PERFORMANCE FIBERS LIMITED,20,"-"
SASKEN,EQ,SASKEN TECHNOLOGIES LIMITED,20,"-"
SATIA,EQ,SATIA INDUSTRIES LIMITED,20,"-"
SATIN,EQ,SATIN CREDITCARE NETWORK LIMITED,20,"-"
SBICARD,EQ,SBI CARDS AND PAYMENT SERVICES LIMITED,20,"-"
SBIETFCON,EQ,SBI MUTUAL FUND - SBI ETF CONSUMPTION,20,"-"
SBIETFIT,EQ,SBI MUTUAL FUND-SBI ETF IT,20,"-"
SBIETFPB,EQ,SBI MUTUAL FUND - SBI ETF PRIVATE BANK - SBI ETF PRIVATE BANK,20,"-"
SBIETFQLTY,EQ,SBI MUTUAL FUND - SBI - ETF QUALITY - SBI-ETF QUALITY,20,"-"
SCHAEFFLER,EQ,SCHAEFFLER INDIA LIMITED,20,"-"
SCHNEIDER,EQ,SCHNEIDER ELECTRIC INFRASTRUCTURE LIMITED,20,"-"
SCI,EQ,SHIPPING CORPORATION OF INDIA LIMITED,20,"-"
SEAMECLTD,EQ,SEAMEC LIMITED,20,"-"
SECURKLOUD,EQ,SECUREKLOUD TECHNOLOGIES LIMITED,20,"-"
SELAN,EQ,SELAN EXPLORATION TECHNOLOGY LIMITED,20,"-"
SEQUENT,EQ,SEQUENT SCIENTIFIC LIMITED,20,"-"
SESHAPAPER,EQ,SESHASAYEE PAPER AND BOARDS LIMITED,20,"-"
SETF10GILT,EQ,SBI MUTUAL FUND - SBI-ETF 10 YEAR GILT,20,"-"
SETFGOLD,EQ,SBI-ETF GOLD,20,"-"
SETFNIF50,EQ,SBI-ETF NIFTY 50,20,"-"
SETFNIFBK,EQ,SBI-ETF NIFTY BANK,20,"-"
SETFNN50,EQ,SBI-ETF NIFTY NEXT 50,20,"-"
SFL,EQ,SHEELA FOAM LIMITED,20,"-"
SHAIVAL,SM,SHAIVAL REALITY LIMITED,20,"-"
SHAKTIPUMP,EQ,SHAKTI PUMPS (INDIA) LIMITED,20,"-"
SHALBY,EQ,SHALBY LIMITED,20,"-"
SHALPAINTS,EQ,SHALIMAR PAINTS LIMITED,20,"-"
SHANKARA,EQ,SHANKARA BUILDING PRODUCTS LIMITED,20,"-"
SHANTIGEAR,EQ,SHANTHI GEARS LIMITED,20,"-"
SHARDACROP,EQ,SHARDA CROPCHEM LIMITED,20,"-"
SHAREINDIA,EQ,SHARE INDIA SECURITIES LIMITED,20,"-"
SHARIABEES,EQ,NIPPON INDIA ETF SHARIAH BEES,20,"-"
SHILPAMED,EQ,SHILPA MEDICARE LIMITED,20,"-"
SHIVATEX,EQ,SHIVA TEXYARN LIMITED,20,"-"
SHIVAUM,SM,SHIV AUM STEELS LIMITED,20,"-"
SHK,EQ,S H KELKAR AND COMPANY LIMITED,20,"-"
SHOPERSTOP,EQ,SHOPPERS STOP LIMITED,20,"-"
SHRADHA,EQ,SHRADHA INFRAPROJECTS LIMITED,20,"-"
SHREDIGCEM,EQ,SHREE DIGVIJAY CEMENT CO.LTD,20,"-"
SHREEPUSHK,EQ,SHREE PUSHKAR CHEMICALS & FERTILISERS LIMITED,20,"-"
SHREYANIND,EQ,SHREYANS INDUSTRIES LIMITED,20,"-"
SHRIRAMCIT,EQ,SHRIRAM CITY UNION FINANCE LIMITED,20,"-"
SHYAMMETL,EQ,SHYAM METALICS AND ENERGY LIMITED,20,"-"
SILGO,EQ,SILGO RETAIL LIMITED,20,"-"
SILVERTUC,SM,SILVER TOUCH TECHNOLOGIES LIMITED,20,"-"
SINTERCOM,EQ,SINTERCOM INDIA LIMITED,20,"-"
SIRCA,EQ,SIRCA PAINTS INDIA LIMITED,20,"-"
SIS,EQ,SIS LIMITED,20,"-"
SIYSIL,EQ,SIYARAM SILK MILLS LIMITED,20,"-"
SJVN,EQ,SJVN LIMITED,20,"-"
SKFINDIA,EQ,SKF INDIA LIMITED,20,"-"
SKIPPER,EQ,SKIPPER LIMITED,20,"-"
SKMEGGPROD,EQ,SKM EGG PRODUCTS EXPORT (INDIA) LIMITED,20,"-"
SMARTLINK,EQ,SMARTLINK HOLDINGS LIMITED,20,"-"
SMCGLOBAL,EQ,SMC GLOBAL SECURITIES LIMITED,20,"-"
SMLISUZU,EQ,SML ISUZU LIMITED,20,"-"
SMSLIFE,EQ,SMS LIFESCIENCES INDIA LIMITED,20,"-"
SMSPHARMA,EQ,SMS PHARMACEUTICALS LIMITED,20,"-"
SNOWMAN,EQ,SNOWMAN LOGISTICS LIMITED,20,"-"
SOBHA,EQ,SOBHA LIMITED,20,"-"
SOLARA,EQ,SOLARA ACTIVE PHARMA SCIENCES LIMITED,20,"-"
SOLARINDS,EQ,SOLAR INDUSTRIES INDIA LIMITED,20,"-"
SONACOMS,EQ,SONA BLW PRECISION FORGINGS LIMITED,20,"-"
SONAHISONA,SM,SONA HI SONA JEWELLERS (GUJARAT) LIMITED,20,"-"
SONAMCLOCK,SM,SONAM CLOCK LIMITED,20,"-"
SONATSOFTW,EQ,SONATA SOFTWARE LIMITED,20,"-"
SOTL,EQ,SAVITA OIL TECHNOLOGIES LIMITED,20,"-"
SOUTHBANK,EQ,THE SOUTH INDIAN BANK LIMITED,20,"-"
SPAL,EQ,S. P. APPARELS LIMITED,20,"-"
SPANDANA,EQ,SPANDANA SPHOORTY FINANCIAL LIMITED,20,"-"
SPARC,EQ,SUN PHARMA ADVANCED RESEARCH COMPANY LIMITED,20,"-"
SPECIALITY,EQ,SPECIALITY RESTAURANTS LIMITED,20,"-"
SPECTRUM,SM,SPECTRUM ELECTRICAL INDUSTRIES LIMITED,20,"-"
SPENCERS,EQ,SPENCER'S RETAIL LIMITED,20,"-"
SPIC,EQ,SOUTHERN PETROCHEMICALS INDUSTRIES CORPORATION  LIMITED,20,"-"
SPICEJET,EQ,SPICEJET LTD,20,"-"
SPLIL,EQ,SPL INDUSTRIES LIMITED,20,"-"
SREEL,EQ,SREELEATHERS LIMITED,20,"-"
SRHHYPOLTD,EQ,SREE RAYALASEEMA HI-STRENGTH HYPO LIMITED,20,"-"
SRIPIPES,EQ,SRIKALAHASTHI PIPES LIMITED,20,"-"
STARCEMENT,EQ,STAR CEMENT LIMITED,20,"-"
STARPAPER,EQ,STAR PAPER MILLS LIMITED,20,"-"
STCINDIA,EQ,THE STATE TRADING CORPORATION OF INDIA LIMITED,20,"-"
STEELXIND,EQ,STEEL EXCHANGE INDIA LIMITED,20,"-"
STEL,EQ,STEL HOLDINGS LIMITED,20,"-"
STERTOOLS,EQ,STERLING TOOLS LIMITED,20,"-"
STLTECH,EQ,STERLITE TECHNOLOGIES LIMITED,20,"-"
STOVEKRAFT,EQ,STOVE KRAFT LIMITED,20,"-"
STYLAMIND,EQ,STYLAM INDUSTRIES LIMITED,20,"-"
SUBEXLTD,EQ,SUBEX LIMITED,20,"-"
SUBROS,EQ,SUBROS LIMITED,20,"-"
SUDARSCHEM,EQ,SUDARSHAN CHEMICAL INDUSTRIES LIMITED,20,"-"
SUMICHEM,EQ,SUMITOMO CHEMICAL INDIA LIMITED,20,"-"
SUMMITSEC,EQ,SUMMIT SECURITIES LIMITED,20,"-"
SUNCLAYLTD,EQ,SUNDARAM CLAYTON LIMITED,20,"-"
SUNDARMFIN,EQ,SUNDARAM FINANCE LIMITED,20,"-"
SUNDARMHLD,EQ,SUNDARAM FINANCE HOLDINGS LIMITED,20,"-"
SUNDRMBRAK,EQ,SUNDARAM BRAKE LININGS LIMITED,20,"-"
SUNDRMFAST,EQ,SUNDRAM FASTENERS LIMITED,20,"-"
SUNFLAG,EQ,SUNFLAG IRON AND STEEL COMPANY LIMITED,20,"-"
SUNTECK,EQ,SUNTECK REALTY LIMITED,20,"-"
SUPERHOUSE,EQ,SUPERHOUSE LIMITED,20,"-"
SUPRAJIT,EQ,SUPRAJIT ENGINEERING LIMITED,20,"-"
SUPREMEIND,EQ,SUPREME INDUSTRIES LIMITED,20,"-"
SURYAROSNI,EQ,SURYA ROSHNI LIMITED,20,"-"
SURYODAY,EQ,SURYODAY SMALL FINANCE BANK LIMITED,20,"-"
SUTLEJTEX,EQ,SUTLEJ TEXTILES AND INDUSTRIES LIMITED,20,"-"
SUVEN,EQ,SUVEN LIFE SCIENCES LIMITED,20,"-"
SUVENPHAR,EQ,SUVEN PHARMACEUTICALS LIMITED,20,"-"
SVLL,SM,SHREE VASU LOGISTICS LIMITED,20,"-"
SVPGLOB,EQ,SVP GLOBAL VENTURES LIMITED,20,"-"
SWANENERGY,EQ,SWAN ENERGY LIMITED,20,"-"
SWARAJENG,EQ,SWARAJ ENGINES LIMITED,20,"-"
SWELECTES,EQ,SWELECT ENERGY SYSTEMS LIMITED,20,"-"
SWSOLAR,EQ,STERLING AND WILSON SOLAR LIMITED,20,"-"
SYMPHONY,EQ,SYMPHONY LIMITED,20,"-"
SYNGENE,EQ,SYNGENE INTERNATIONAL LIMITED,20,"-"
TAJGVK,EQ,TAJ GVK HOTELS & RESORTS LIMITED,20,"-"
TAKE,EQ,TAKE SOLUTIONS LIMITED,20,"-"
TALBROAUTO,EQ,TALBROS AUTOMOTIVE COMPONENTS LIMITED,20,"-"
TARACHAND,SM,TARA CHAND LOGISTIC SOLUTIONS LIMITED,20,"-"
TARMAT,EQ,TARMAT LIMITED,20,"-"
TASTYBITE,EQ,TASTY BITE EATABLES LIMITED,20,"-"
TATACOFFEE,EQ,TATA COFFEE LIMITED,20,"-"
TATACOMM,EQ,TATA COMMUNICATIONS LIMITED,20,"-"
TATAELXSI,EQ,TATA ELXSI LIMITED,20,"-"
TATAINVEST,EQ,TATA INVESTMENT CORPORATION LIMITED,20,"-"
TATAMETALI,EQ,TATA METALIKS LIMITED,20,"-"
TATAMTRDVR,EQ,TATA MOTORS LIMITED,20,"-"
TATVA,EQ,TATVA CHINTAN PHARMA CHEM LIMITED,20,"-"
TBZ,EQ,TRIBHOVANDAS BHIMJI ZAVERI LIMITED,20,"-"
TCIEXP,EQ,TCI EXPRESS LIMITED,20,"-"
TCIFINANCE,EQ,TCI FINANCE LIMITED,20,"GSM Stage - 0"
TCNSBRANDS,EQ,TCNS CLOTHING CO. LIMITED,20,"-"
TCPLPACK,EQ,TCPL PACKAGING LIMITED,20,"-"
TDPOWERSYS,EQ,TD POWER SYSTEMS LIMITED,20,"-"
TEAMLEASE,EQ,TEAMLEASE SERVICES LIMITED,20,"-"
TECHNOE,EQ,TECHNO ELECTRIC & ENGINEERING COMPANY LIMITED,20,"-"
TEXINFRA,EQ,TEXMACO INFRASTRUCTURE & HOLDINGS LIMITED,20,"-"
TEXRAIL,EQ,TEXMACO RAIL & ENGINEERING LIMITED,20,"-"
TFCILTD,EQ,TOURISM FINANCE CORPORATION OF INDIA LIMITED,20,"-"
THANGAMAYL,EQ,THANGAMAYIL JEWELLERY LIMITED,20,"-"
THEINVEST,EQ,THE INVESTMENT TRUST OF INDIA LIMITED,20,"-"
THEJO,SM,THEJO ENGINEERING LIMITED,20,"-"
THERMAX,EQ,THERMAX LIMITED,20,"-"
THYROCARE,EQ,THYROCARE TECHNOLOGIES LIMITED,20,"-"
TIIL,EQ,TECHNOCRAFT INDUSTRIES (INDIA) LIMITED,20,"-"
TIINDIA,EQ,TUBE INVESTMENTS OF INDIA LIMITED,20,"-"
TIMETECHNO,EQ,TIME TECHNOPLAST LIMITED,20,"-"
TIMKEN,EQ,TIMKEN INDIA LIMITED,20,"-"
TINPLATE,EQ,THE TINPLATE COMPANY OF INDIA LIMITED,20,"-"
TIRUMALCHM,EQ,THIRUMALAI CHEMICALS LIMITED,20,"-"
TNPETRO,EQ,TAMILNADU PETROPRODUCTS LIMITED,20,"-"
TNPL,EQ,TAMIL NADU NEWSPRINT & PAPERS LIMITED,20,"-"
TOKYOPLAST,EQ,TOKYO PLAST INTERNATIONAL LIMITED,20,"-"
TOTAL,EQ,TOTAL TRANSPORT SYSTEMS LIMITED,20,"-"
TPLPLASTEH,EQ,TPL PLASTECH LIMITED,20,"-"
TREJHARA,EQ,TREJHARA SOLUTIONS LIMITED,20,"-"
TRIL,EQ,TRANSFORMERS AND RECTIFIERS (INDIA) LIMITED,20,"-"
TRITURBINE,EQ,TRIVENI TURBINE LIMITED,20,"-"
TRIVENI,EQ,TRIVENI ENGINEERING & INDUSTRIES LIMITED,20,"-"
TTKHLTCARE,EQ,TTK HEALTHCARE LIMITED,20,"-"
TTKPRESTIG,EQ,TTK PRESTIGE LIMITED,20,"-"
TV18BRDCST,EQ,TV18 BROADCAST LIMITED,20,"-"
TVSSRICHAK,EQ,TVS SRICHAKRA LIMITED,20,"-"
TVTODAY,EQ,TV TODAY NETWORK LIMITED,20,"-"
TWL,EQ,TITAGARH WAGONS LIMITED,20,"-"
UCALFUEL,EQ,UCAL FUEL SYSTEMS LIMITED,20,"-"
UCL,SM,USHANTI COLOUR CHEM LIMITED,20,"-"
UCOBANK,EQ,UCO BANK,20,"-"
UFLEX,EQ,UFLEX LIMITED,20,"-"
UFO,EQ,UFO MOVIEZ INDIA LIMITED,20,"-"
UGROCAP,EQ,UGRO CAPITAL LIMITED,20,"-"
UJJIVAN,EQ,UJJIVAN FINANCIAL SERVICES LIMITED,20,"-"
UJJIVANSFB,EQ,UJJIVAN SMALL FINANCE BANK LIMITED,20,"-"
UMANGDAIRY,EQ,UMANG DAIRIES LIMITED,20,"-"
UNICHEMLAB,EQ,UNICHEM LABORATORIES LIMITED,20,"-"
UNIDT,EQ,UNITED DRILLING TOOLS LIMITED,20,"-"
UNIENTER,EQ,UNIPHOS ENTERPRISES LIMITED,20,"-"
UNIONBANK,EQ,UNION BANK OF INDIA,20,"-"
UNITEDTEA,EQ,THE UNITED NILGIRI TEA ESTATES COMPANY LIMITED,20,"-"
UNIVCABLES,EQ,UNIVERSAL CABLES LIMITED,20,"-"
URAVI,SM,URAVI T AND WEDGE LAMPS LIMITED,20,"-"
USHAMART,EQ,USHA MARTIN LIMITED,20,"-"
UTIAMC,EQ,UTI ASSET MANAGEMENT COMPANY LIMITED,20,"-"
UTIBANKETF,EQ,UTI MUTUAL FUND - UTI BANK EXCHANGE TRADED FUND,20,"-"
UTINEXT50,EQ,UTI MUTUAL FUND - UTI NIFTY NEXT 50 EXCHANGE TRADED FUND - UTI NIFTY N,20,"-"
UTINIFTETF,EQ,UTI MUTUAL FUND - UTI-NIFTY EXCHANGE TRADED FUND,20,"-"
UTISENSETF,EQ,UTI MUTUAL FUND - UTI-SENSEX EXCHANGE TRADED FUND,20,"-"
UTISXN50,EQ,UTI S&P BSE SENSEX NEXT 50 ETF,20,"-"
VADILALIND,EQ,VADILAL INDUSTRIES LIMITED,20,"-"
VAIBHAVGBL,EQ,VAIBHAV GLOBAL LIMITED,20,"-"
VAISHALI,EQ,VAISHALI PHARMA LIMITED,20,"-"
VAKRANGEE,EQ,VAKRANGEE LIMITED,20,"-"
VALIANTORG,EQ,VALIANT ORGANICS LIMITED,20,"-"
VARDHACRLC,EQ,VARDHMAN ACRYLICS LIMITED,20,"-"
VARROC,EQ,VARROC ENGINEERING LIMITED,20,"-"
VBL,EQ,VARUN BEVERAGES LIMITED,20,"-"
VENKEYS,EQ,VENKY'S (INDIA) LIMITED,20,"-"
VENUSREM,EQ,VENUS REMEDIES LIMITED,20,"-"
VERTOZ,EQ,VERTOZ ADVERTISING LIMITED,20,"-"
VESUVIUS,EQ,VESUVIUS INDIA LIMITED,20,"-"
VETO,EQ,VETO SWITCHGEARS AND CABLES LIMITED,20,"-"
VGUARD,EQ,V-GUARD INDUSTRIES LIMITED,20,"-"
VIDHIING,EQ,VIDHI SPECIALTY FOOD INGREDIENTS LIMITED,20,"-"
VIKASPROP,EQ,VIKAS PROPPANT & GRANITE LIMITED,20,"-"
VIMTALABS,EQ,VIMTA LABS LIMITED,20,"-"
VINATIORGA,EQ,VINATI ORGANICS LIMITED,20,"-"
VINDHYATEL,EQ,VINDHYA TELELINKS LIMITED,20,"-"
VINNY,SM,VINNY OVERSEAS LIMITED,20,"-"
VINYLINDIA,EQ,VINYL CHEMICALS (INDIA) LIMITED,20,"-"
VIPIND,EQ,VIP INDUSTRIES LIMITED,20,"-"
VISAKAIND,EQ,VISAKA INDUSTRIES LIMITED,20,"-"
VISHWARAJ,EQ,VISHWARAJ SUGAR INDUSTRIES LIMITED,20,"-"
VMARCIND,SM,V MARC INDIA LIMITED,20,"-"
VMART,EQ,V-MART RETAIL LIMITED,20,"-"
VOLTAMP,EQ,VOLTAMP TRANSFORMERS LIMITED,20,"-"
VRLLOG,EQ,VRL LOGISTICS LIMITED,20,"-"
VSSL,EQ,VARDHMAN SPECIAL STEELS LIMITED,20,"-"
VSTIND,EQ,VST INDUSTRIES LIMITED,20,"-"
VSTTILLERS,EQ,V.S.T TILLERS TRACTORS LIMITED,20,"-"
VTL,EQ,VARDHMAN TEXTILES LIMITED,20,"-"
WABAG,EQ,VA TECH WABAG LIMITED,20,"-"
WABCOINDIA,EQ,WABCO INDIA LIMITED,20,"-"
WALCHANNAG,EQ,WALCHANDNAGAR INDUSTRIES LIMITED,20,"-"
WATERBASE,EQ,WATERBASE LIMITED,20,"-"
WELCORP,EQ,WELSPUN CORP LIMITED,20,"-"
WELENT,EQ,WELSPUN ENTERPRISES LIMITED,20,"-"
WELSPUNIND,EQ,WELSPUN INDIA LIMITED,20,"-"
WENDT,EQ,WENDT (INDIA) LIMITED,20,"-"
WESTLIFE,EQ,WESTLIFE DEVELOPMENT LTD,20,"-"
WHIRLPOOL,EQ,WHIRLPOOL OF INDIA LIMITED,20,"-"
WINDLAS,EQ,WINDLAS BIOTECH LIMITED,20,"-"
WOCKPHARMA,EQ,WOCKHARDT LIMITED,20,"-"
WONDERLA,EQ,WONDERLA HOLIDAYS LIMITED,20,"-"
WORTH,EQ,WORTH PERIPHERALS LIMITED,20,"-"
WSTCSTPAPR,EQ,WEST COAST PAPER MILLS LIMITED,20,"-"
YESBANK,EQ,YES BANK LIMITED,20,"-"
ZEELEARN,EQ,ZEE LEARN LIMITED,20,"-"
ZENSARTECH,EQ,ZENSAR TECHNOLOGIES LIMITED,20,"-"
ZENTEC,EQ,ZEN TECHNOLOGIES LIMITED,20,"-"
ZODIACLOTH,EQ,ZODIAC CLOTHING COMPANY LIMITED,20,"-"
ZOMATO,EQ,ZOMATO LIMITED,20,"-"
ZYDUSWELL,EQ,ZYDUS WELLNESS LIMITED,20,"-"
AARTIIND,EQ,AARTI INDUSTRIES LIMITED,No Band,"-"
ABFRL,EQ,ADITYA BIRLA FASHION AND RETAIL LIMITED,No Band,"-"
ACC,EQ,ACC LIMITED,No Band,"-"
ADANIENT,EQ,ADANI ENTERPRISES LIMITED,No Band,"-"
ADANIPORTS,EQ,ADANI PORTS AND SPECIAL ECONOMIC ZONE LIMITED,No Band,"-"
ALKEM,EQ,ALKEM LABORATORIES LIMITED,No Band,"-"
AMARAJABAT,EQ,AMARA RAJA BATTERIES LIMITED,No Band,"-"
AMBUJACEM,EQ,AMBUJA CEMENTS LIMITED,No Band,"-"
APLLTD,EQ,ALEMBIC PHARMACEUTICALS LIMITED,No Band,"-"
APOLLOHOSP,EQ,APOLLO HOSPITALS ENTERPRISE LIMITED,No Band,"-"
APOLLOTYRE,EQ,APOLLO TYRES LIMITED,No Band,"-"
ASHOKLEY,EQ,ASHOK LEYLAND LIMITED,No Band,"-"
ASIANPAINT,EQ,ASIAN PAINTS LIMITED,No Band,"-"
ASTRAL,EQ,ASTRAL LIMITED,No Band,"-"
AUBANK,EQ,AU SMALL FINANCE BANK LIMITED,No Band,"-"
AUROPHARMA,EQ,AUROBINDO PHARMA LIMITED,No Band,"-"
AXISBANK,EQ,AXIS BANK LIMITED,No Band,"-"
BAJAJ-AUTO,EQ,BAJAJ AUTO LIMITED,No Band,"-"
BAJAJFINSV,EQ,BAJAJ FINSERV LIMITED,No Band,"-"
BAJFINANCE,EQ,BAJAJ FINANCE LIMITED,No Band,"-"
BALKRISIND,EQ,BALKRISHNA INDUSTRIES LIMITED,No Band,"-"
BANDHANBNK,EQ,BANDHAN BANK LIMITED,No Band,"-"
BANKBARODA,EQ,BANK OF BARODA,No Band,"-"
BATAINDIA,EQ,BATA INDIA LIMITED,No Band,"-"
BEL,EQ,BHARAT ELECTRONICS LIMITED,No Band,"-"
BERGEPAINT,EQ,BERGER PAINTS (I) LIMITED,No Band,"-"
BHARATFORG,EQ,BHARAT FORGE LIMITED,No Band,"-"
BHARTIARTL,EQ,BHARTI AIRTEL LIMITED,No Band,"-"
BHEL,EQ,BHARAT HEAVY ELECTRICALS LIMITED,No Band,"-"
BIOCON,EQ,BIOCON LIMITED,No Band,"-"
BOSCHLTD,EQ,BOSCH LIMITED,No Band,"-	"
BPCL,EQ,BHARAT PETROLEUM CORPORATION LIMITED,No Band,"-"
BRITANNIA,EQ,BRITANNIA INDUSTRIES LIMITED,No Band,"-"
CADILAHC,EQ,CADILA HEALTHCARE LIMITED,No Band,"-"
CANBK,EQ,CANARA BANK,No Band,"-"
CHOLAFIN,EQ,CHOLAMANDALAM INVESTMENT AND FINANCE COMPANY LIMITED,No Band,"-"
CIPLA,EQ,CIPLA LIMITED,No Band,"-"
COALINDIA,EQ,COAL INDIA LIMITED,No Band,"-"
COFORGE,EQ,COFORGE LIMITED,No Band,"-"
COLPAL,EQ,COLGATE PALMOLIVE (INDIA) LIMITED,No Band,"-"
CONCOR,EQ,CONTAINER CORPORATION OF INDIA LIMITED,No Band,"-"
COROMANDEL,EQ,COROMANDEL INTERNATIONAL LIMITED,No Band,"-"
CUB,EQ,CITY UNION BANK LIMITED,No Band,"-"
CUMMINSIND,EQ,CUMMINS INDIA LIMITED,No Band,"-"
DABUR,EQ,DABUR INDIA LIMITED,No Band,"-"
DEEPAKNTR,EQ,DEEPAK NITRITE LIMITED,No Band,"-"
DIVISLAB,EQ,DIVI'S LABORATORIES LIMITED,No Band,"-"
DLF,EQ,DLF LIMITED,No Band,"-"
DRREDDY,EQ,DR. REDDY'S LABORATORIES LIMITED,No Band,"-"
EICHERMOT,EQ,EICHER MOTORS LIMITED,No Band,"-"
ESCORTS,EQ,ESCORTS LIMITED,No Band,"-"
EXIDEIND,EQ,EXIDE INDUSTRIES LIMITED,No Band,"-"
FEDERALBNK,EQ,THE FEDERAL BANK  LIMITED,No Band,"-"
GAIL,EQ,GAIL (INDIA) LIMITED,No Band,"-"
GLENMARK,EQ,GLENMARK PHARMACEUTICALS LIMITED,No Band,"-"
GMRINFRA,EQ,GMR INFRASTRUCTURE LIMITED,No Band,"-"
GODREJCP,EQ,GODREJ CONSUMER PRODUCTS LIMITED,No Band,"-"
GODREJPROP,EQ,GODREJ PROPERTIES LIMITED,No Band,"-"
GRANULES,EQ,GRANULES INDIA LIMITED,No Band,"-"
GRASIM,EQ,GRASIM INDUSTRIES LIMITED,No Band,"-"
GUJGASLTD,EQ,GUJARAT GAS LIMITED,No Band,"-"
HAVELLS,EQ,HAVELLS INDIA LIMITED,No Band,"-"
HCLTECH,EQ,HCL TECHNOLOGIES LIMITED,No Band,"-"
HDFC,EQ,HOUSING DEVELOPMENT FINANCE CORPORATION LIMITED,No Band,"-"
HDFC,W3,HOUSING DEVELOPMENT FINANCE CORPORATION LIMITED,No Band,"-"
HDFCAMC,EQ,HDFC ASSET MANAGEMENT COMPANY LIMITED,No Band,"-"
HDFCBANK,EQ,HDFC BANK LIMITED,No Band,"-"
HDFCLIFE,EQ,HDFC LIFE INSURANCE COMPANY LIMITED,No Band,"-"
HEROMOTOCO,EQ,HERO MOTOCORP LIMITED,No Band,"-"
HINDALCO,EQ,HINDALCO INDUSTRIES LIMITED,No Band,"-"
HINDPETRO,EQ,HINDUSTAN PETROLEUM CORPORATION LIMITED,No Band,"-"
HINDUNILVR,EQ,HINDUSTAN UNILEVER LIMITED,No Band,"-"
IBULHSGFIN,EQ,INDIABULLS HOUSING FINANCE LIMITED,No Band,"-"
IBULHSGFIN,W1,INDIABULLS HOUSING FINANCE LIMITED,No Band,"-"
ICICIBANK,EQ,ICICI BANK LIMITED,No Band,"-"
ICICIGI,EQ,ICICI LOMBARD GENERAL INSURANCE COMPANY LIMITED,No Band,"-"
ICICIPRULI,EQ,ICICI PRUDENTIAL LIFE INSURANCE COMPANY LIMITED,No Band,"-"
IDEA,EQ,VODAFONE IDEA LIMITED,No Band,"-"
IDFCFIRSTB,EQ,IDFC FIRST BANK LIMITED,No Band,"-"
IGL,EQ,INDRAPRASTHA GAS LIMITED,No Band,"-"
INDHOTEL,EQ,THE INDIAN HOTELS COMPANY LIMITED,No Band,"-"
INDIGO,EQ,INTERGLOBE AVIATION LIMITED,No Band,"-"
INDUSINDBK,EQ,INDUSIND BANK LIMITED,No Band,"-"
INDUSTOWER,EQ,INDUS TOWERS LIMITED,No Band,"-"
INFY,EQ,INFOSYS LIMITED,No Band,"-"
IOC,EQ,INDIAN OIL CORPORATION LIMITED,No Band,"-"
IRCTC,EQ,INDIAN RAILWAY CATERING AND TOURISM CORPORATION LIMITED,No Band,"-"
ITC,EQ,ITC LIMITED,No Band,"-"
JINDALSTEL,EQ,JINDAL STEEL & POWER LIMITED,No Band,"-"
JSWSTEEL,EQ,JSW STEEL LIMITED,No Band,"-"
JUBLFOOD,EQ,JUBILANT FOODWORKS LIMITED,No Band,"-"
KOTAKBANK,EQ,KOTAK MAHINDRA BANK LIMITED,No Band,"-"
LALPATHLAB,EQ,DR. LAL PATH LABS LTD.,No Band,"-"
LICHSGFIN,EQ,LIC HOUSING FINANCE LIMITED,No Band,"-"
LT,EQ,LARSEN & TOUBRO LIMITED,No Band,"-"
L&TFH,EQ,L&T FINANCE HOLDINGS LIMITED,No Band,"-"
LTI,EQ,LARSEN & TOUBRO INFOTECH LIMITED,No Band,"-"
LTTS,EQ,L&T TECHNOLOGY SERVICES LIMITED,No Band,"-"
LUPIN,EQ,LUPIN LIMITED,No Band,"-"
MANAPPURAM,EQ,MANAPPURAM FINANCE LIMITED,No Band,"-"
MARICO,EQ,MARICO LIMITED,No Band,"-"
MARUTI,EQ,MARUTI SUZUKI INDIA LIMITED,No Band,"-"
MCDOWELL-N,EQ,UNITED SPIRITS LIMITED,No Band,"-"
METROPOLIS,EQ,METROPOLIS HEALTHCARE LIMITED,No Band,"-"
MFSL,EQ,MAX FINANCIAL SERVICES LIMITED,No Band,"-"
MGL,EQ,MAHANAGAR GAS LIMITED,No Band,"-"
MINDTREE,EQ,MINDTREE LIMITED,No Band,"-"
M&M,EQ,MAHINDRA & MAHINDRA LIMITED,No Band,"-"
M&MFIN,EQ,MAHINDRA & MAHINDRA FINANCIAL SERVICES LIMITED,No Band,"-"
MOTHERSUMI,EQ,MOTHERSON SUMI SYSTEMS LIMITED,No Band,"-"
MPHASIS,EQ,MPHASIS LIMITED,No Band,"-"
MRF,EQ,MRF LIMITED,No Band,"-"
MUTHOOTFIN,EQ,MUTHOOT FINANCE LIMITED,No Band,"-"
NAM-INDIA,EQ,NIPPON LIFE INDIA ASSET MANAGEMENT LIMITED,No Band,"-"
NATIONALUM,EQ,NATIONAL ALUMINIUM COMPANY LIMITED,No Band,"-"
NAUKRI,EQ,INFO EDGE (INDIA) LIMITED,No Band,"-"
NAVINFLUOR,EQ,NAVIN FLUORINE INTERNATIONAL LIMITED,No Band,"-"
NESTLEIND,EQ,NESTLE INDIA LIMITED,No Band,"-"
NMDC,EQ,NMDC LIMITED,No Band,"-"
NTPC,EQ,NTPC LIMITED,No Band,"-"
ONGC,EQ,OIL & NATURAL GAS CORPORATION LIMITED,No Band,"-"
PAGEIND,EQ,PAGE INDUSTRIES LIMITED,No Band,"-"
PEL,EQ,PIRAMAL ENTERPRISES LIMITED,No Band,"-"
PETRONET,EQ,PETRONET LNG LIMITED,No Band,"-"
PFC,EQ,POWER FINANCE CORPORATION LIMITED,No Band,"-"
PFIZER,EQ,PFIZER LIMITED,No Band,"-"
PIDILITIND,EQ,PIDILITE INDUSTRIES LIMITED,No Band,"-"
PIIND,EQ,PI INDUSTRIES LIMITED,No Band,"-"
PNB,EQ,PUNJAB NATIONAL BANK,No Band,"-"
POWERGRID,EQ,POWER GRID CORPORATION OF INDIA LIMITED,No Band,"-"
PVR,EQ,PVR LIMITED,No Band,"-"
RAMCOCEM,EQ,THE RAMCO CEMENTS LIMITED,No Band,"-"
RBLBANK,EQ,RBL BANK LIMITED,No Band,"-"
RECLTD,EQ,REC LIMITED,No Band,"-"
RELIANCE,EQ,RELIANCE INDUSTRIES LIMITED,No Band,"-"
RELIANCEP1,E1,RELIANCE INDUSTRIES LIMITED,No Band,"-"
SAIL,EQ,STEEL AUTHORITY OF INDIA LIMITED,No Band,"-"
SBILIFE,EQ,SBI LIFE INSURANCE COMPANY LIMITED,No Band,"-"
SBIN,EQ,STATE BANK OF INDIA,No Band,"-"
SHREECEM,EQ,SHREE CEMENT LIMITED,No Band,"-"
SIEMENS,EQ,SIEMENS LIMITED,No Band,"-"
SRF,EQ,SRF LIMITED,No Band,"-"
SRTRANSFIN,EQ,SHRIRAM TRANSPORT FINANCE COMPANY LIMITED,No Band,"-"
STAR,EQ,STRIDES PHARMA SCIENCE LIMITED,No Band,"-"
SUNPHARMA,EQ,SUN PHARMACEUTICAL INDUSTRIES LIMITED,No Band,"-"
SUNTV,EQ,SUN TV NETWORK LIMITED,No Band,"-"
TATACHEM,EQ,TATA CHEMICALS LIMITED,No Band,"-"
TATACONSUM,EQ,TATA CONSUMER PRODUCTS LIMITED,No Band,"-"
TATAMOTORS,EQ,TATA MOTORS LIMITED,No Band,"-"
TATAPOWER,EQ,TATA POWER COMPANY LIMITED,No Band,"-"
TATASTEEL,EQ,TATA STEEL LIMITED,No Band,"-"
TCS,EQ,TATA CONSULTANCY SERVICES LIMITED,No Band,"-"
TECHM,EQ,TECH MAHINDRA LIMITED,No Band,"-"
TITAN,EQ,TITAN COMPANY LIMITED,No Band,"-"
TORNTPHARM,EQ,TORRENT PHARMACEUTICALS LIMITED,No Band,"-"
TORNTPOWER,EQ,TORRENT POWER LIMITED,No Band,"-"
TRENT,EQ,TRENT LIMITED,No Band,"-"
TVSMOTOR,EQ,TVS MOTOR COMPANY LIMITED,No Band,"-"
UBL,EQ,UNITED BREWERIES LIMITED,No Band,"-"
ULTRACEMCO,EQ,ULTRATECH CEMENT LIMITED,No Band,"-"
UPL,EQ,UPL LIMITED,No Band,"-"
VEDL,EQ,VEDANTA LIMITED,No Band,"-"
VOLTAS,EQ,VOLTAS LIMITED,No Band,"-"
WIPRO,EQ,WIPRO LIMITED,No Band,"-"
ZEEL,EQ,ZEE ENTERTAINMENT ENTERPRISES LIMITED,No Band,"-"
